trackable_id,Count,Condition,New Name,Family,Group,Pot. Problem,Comments
163,416,Acid Reflux,Acid reflux,Physical,Enteric,,
651,8,Abdominal aortic aneurysm,Aortic Aneurysm,Cardiac,Blood,,
866,11,Abdominal Migraines,Migraine,Pain,Enteric,,
520,16,Abdominal pain,Pain,Physical,Pain,,
133,615,GERD,Acid reflux,Physical,Enteric,,
559,6,Absence seizure,Seizures,Neural,Consciousness,X,
634,3,AC Ligament Injury,Injury,Physical,Orthopedic,,
756,2,Achalasia,Achalasia,Physical,Movement,,
458,12,Achilles tendinitis,Tendonitis,Immune,Inflammation,,
566,12,Achilles Tendonitis,Tendonitis,Immune,Inflammation,,
437,286,Reflux,Acid reflux,Physical,Enteric,,
513,10,ACL injury,Injury,Physical,Orthopedic,,
186,151,Acne,Acne,Physical,Inflammation,,
725,4,Acute myelogenous leukemia (AML),Cancer,Cancer,Blood,,
90,12,Acute sinusitis,Sinusitis,Immune,Inflammation,,
726,3,addison Biermer,Pernicious Anemia,Cardiac,Blood,,
75,204,ADHD,ADHD,Neural,Perception,X,
225,46,Adult ADD,ADHD,Neural,Perception,X,
769,5,Adjustment disorders,Adjustment disorders,Neural,Depression,,
83,194,Adult ADHD,ADHD,Neural,Perception,X,
177,97,Addison's disease,Adrenal insufficiency,Hormonal,Tissue,X,
61,363,adrenal fatigue,Adrenal insufficiency,Hormonal,Tissue,,
542,38,Adrenal Insufficiency,Adrenal insufficiency,Hormonal,Tissue,,
746,5,Adult Still's disease,Still disease,Immune,Inflammation,X,Autoimmune?
291,21,Agoraphobia,Agoraphobia,Neural,Phobia,,
647,3,Alcoholism,Alcoholism,Neural,Addiction,,
180,157,ALD,Adrenoleukodystrophy,Genetic,Perception,X,could be alcoholic liver disease
854,109,Allergic Rhinitis,Allergic rhinitis,Immune,Allergy,,
50,792,Allergies,Allergies,Immune,Allergy,,
705,1,allodynia,Allodynia,Physical,Pain,,
137,17,Alpha Gal,Allergies,Physical,Allergy,,
45,199,Anemia,Anemia,Cardiac,Blood,,
64,4028,Anxiety,Anxiety,Neural,Personality,X,
828,1,Amenorrhea,Menstruation,Hormonal,,,
181,4,AMN,,,,,
880,1,Androgenetic Alopecia,,,,,
303,50,anxiety disorder,Anxiety,Neural,Personality,X,
147,2,Angina,Angina,Cardiac,Pain,,
435,179,Chronic anxiety,Anxiety,Neural,Personality,,
30,5,Ankle Pain,Pain,Physical,Pain,,
4,318,Generalized anxiety disorder,Anxiety,Neural,Personality,,
589,8,Anorexia nervosa,Anorexia nervosa,Neural,Diet,,
797,1,Anterior cutaneous nerve entrapment syndrome,,,,,
832,1,Anterior prolapse (cystocele),,,,,
470,1,Anti-phosholipid syndrome,,,,,
865,1,Antiphospholipid syndrome,,,,,
607,1,Anus bleeding,Bleeding,Physical,Blood,,
606,1,Anus pain,Pain,Physical,Pain,,
509,233,Phobias,Anxiety,Neural,Personality,X,
317,32,Aortic dissection,Aortic dissection,Cardiac,Heart,,
318,32,Aortic valve regurgitation,Aortic valve regurgitation,Cardiac,Heart,,
73,376,Arthritis,Arthritis,Immune,Autoimmune,,
755,2,Aphasia,,,,,
692,10,apthous ulcers,Aphthous ulcers,Immune,Enteric,,
804,2,Aquagenic Urticaria,,,,,
514,3,ARDS,,,,,
141,26,Juvenile rheumatoid arthritis,Arthritis,Immune,Autoimmune,,
872,1,Arthralgia,,,,,
41,586,Osteoarthritis,Arthritis,Immune,Ageing,,
579,1,Arthrogryposis,,,,,
211,17,arthrtis,Arthritis,Immune,Autoimmune,,
130,163,Psoriatic arthritis,Arthritis,Immune,Inflammation,X,
40,330,Rheumatoid arthritis,Arthritis,Immune,Autoimmune,X,
641,8,Asthma attack,Asthma,Immune,Allergy,,
292,6,Astigmatism,,,,,
800,1,Athopy,,,,,
474,11,Atopic dermatitis (eczema),Eczema,Immune,Autoimmune,,
356,1,Atypical chest pain,Chest pain,Cardiac,Heart,,
82,1173,Asthma,Asthma,Immune,Allergy,X,
390,70,aspergers,Autism spectrum disorder,Neural,Developmental,,
760,1,Autoimmune hepatitis,Hepatitis,Immune,Autoimmune,,
812,1,Autoimmune illness,,Immune,Autoimmune,,
615,1,Autoimmune pancreatitis,Pancreatitis,Immune,Autoimmune,,
718,1,Autoinflammatory,Inflammation,Immune,Autoimmune,,
58,19,Autonomic neuropathy,Neuropathy,Neural,,,
577,2,Avoidant Personality Disorder,Avoidant personality disorder,Neural,Personality,,
353,19,Babesia,Infection,Immune,Infection,,
822,5,Back,Pain,Physical,Pain,,
98,430,Autism spectrum disorder,Autism spectrum disorder,Neural,Developmental,,
310,46,Behcet's disease,Behcet's disease,Immune,Autoimmune,,
572,6,Back spasm,Spasms,Physical,Movement,,
788,1,Bags under eyes,Appearance,Physical,Appearance,,
385,6,Barrett's esophagus,GERD,Physical,Enteric,,
614,17,Bartonella,Lyme disease,Immune,Infection,,
739,1,Basilar Artery Migraine Disorder,,,,,
320,44,Bicuspid Aortic Valve,Bicuspid aortic valve,Cardiac,Heart,,
207,53,Bile Acid Malabsorption,Bile acid malabsorption,Physical,Enteric,X,
774,1,Bicipital tenosynovitis,,,,,
204,25,Binge-eating disorder,Binge-eating disorder,Neural,Diet,,
46,1,Bilateral Mastectomy,Surgery,Physical,Preventative,,
135,33,Cyclothymia,Bipolar,Neural,Mood,,
183,7,Bile reflux,Bile reflux,Physical,Enteric,,
372,5,Binge Eating,Binge-eating disorder,Neural,Diet,,
54,384,Bipolar disorder,Bipolar disorder,Neural,Mood,,
223,27,Bipolar Type 1,Bipolar disorder,Neural,Mood,,
859,3,Bipolar High,Bipolar disorder,Neural,,,
9,435,Bipolar type II,Bipolar disorder,Neural,Mood,,
482,1,Bipolar type 2,Bipolar disorder,Neural,,,
453,113,Blood clotting disorder,Blood clotting disorder,Cardiac,Blood,,
735,1,Biting,Biting,Neural,,,
76,132,Borderline personality disorder,BPD,Neural,Personality,,
258,17,bloating,Bloating,Physical,,,
110,63,brain fog,Brain fog,Neural,Perception,,
747,50,Bruxism,Bruxism,Physical,Tissue,X,
307,37,bunion left foot,Bunion,Physical,Orthopedic,,
861,1,BPD,BPD,Neural,Personality,,
129,251,Bursitis,Bursitis,Immune,Inflammation,,
42,2,Breast cancer,Breast Cancer,Cancer,Tissue,,
535,7,Breast pain,Pain,Physical,Pain,,
240,67,Carpal tunnel syndrome,Carptal tunnel,Physical,Pain,,
571,1,Broken ankle/broken foot,Injury,Physical,Orthopedic,,
80,640,Celiac disease,Celiac disease,Immune,Autoimmune,,
87,2,Bronchiectasis,,,,,
384,5,Bronchitis,Bronchitis,Immune ,Inflammation,,
25,711,Chest pain,Chest pain,Physical,Pain,,
464,2,Bulimia nervosa,Bulimia,Neural,,,
308,2,bunion (left foot),Bunion,Physical,Orthopedic,,
250,34,Chiari malformation,Chiari malformation,Physical,Developmental,,
309,3,Bunion Surgery Healing Left,Surgery,Physical,Orthopedic,,
146,6,burning skin,,,,,
134,279,Myalgic encephalomyelitis,Chronic fatigue,Neural,Fatigue,X,
173,2,C Diff,,,,,
55,3220,Chronic fatigue syndrome,Chronic fatigue syndrome,Physical,Fatigue,,
601,4,Cancer,Cancer,Cancer,Cancer,,
502,1,Candida,Fungus,Immune,Infection,,
315,157,Chronic illness,Chronic illness,Physical,Pain,X,vague
744,2,Canker sore,Aphthous ulcers,Immune,Enteric,,
52,3,Cardiomyopathy,Cardiomyopathy,Cardiac,Heart,,
436,38,Chronic kidney disease,Chronic kidney disease,Renal-Urinary,Tissue,,
143,4,Carotid artery disease,Carotid artery disease,Cardiac,Blood,,
70,56,Chronic sinusitis,Chronic sinusitis,Immune,Inflammation,,
319,32,Coarctation of the aorta,Coarctation of the aorta,Cardiac,Heart,,
650,10,Cavernous malformations,,,,,
166,5,ccm2,,,,,
404,28,Cold sore,Cold sore,Immune,Infection,,
103,4,Celiac Sprue,Celiac disease,Immune,Autoimmune,,
707,1,Central Auditory Processing Disorder,Central Auditory Processing Disorder,Neural,,,
672,2,Cerebral palsy,Cerebral palsy,Physical,Development,,
569,3,cervical herniated disc,Herniated disk,Physical,Pain,,
440,11,Cervical spondylosis,Cervical spondylosis,Physical,Ageing,,
820,1,CFS,Chronic fatigue syndrome,Physical,Fatigue,,
321,43,Eosinophilic colitis,Colitis,Immune,Enteric,,
426,159,Indeterminate Colitis,Colitis,Immune,Enteric,,
772,1,Chondromalacia patella,Chondromalacia patella,Immune,Inflammation,,
517,7,Chron's,Crohn's disease,Immune,Enteric,X,IBD
843,2,chronic abdominal pain,Pain,Physical,Enteric,,
1,801,Ulcerative colitis,Colitis,Immune,Enteric,X,
431,58,Common variable immunodeficiency,Common variable immunodeficiency,Immune,Blood,,
99,100,Chronic constipation,Constipation,Physical,Enteric,,
376,10,Chronic cough,Chronic cough,Physical,,,
341,10,chronic daily headache,Headache,Neural,,,
74,91,Costochondritis,Costochondritis,Immune,Inflammation,,
416,55,Rib Dysfunction,Costochondritis,Immune,Inflammation,,
869,1,chronic foot pain,Pain,Physical,Pain,,
876,1,Chronic Gastritis,Gastritis,Immune ,Inflammation,,
639,1,Chronic Headache,Headache,Neural,Pain,,
498,10,Chronic hives (urticaria),Urticaria,Immune,Allergy,X,
659,52,Muscle cramp,Cramp,Physical,Pain,,
432,37,CREST syndrome,CREST syndrome,Immune,Autoimmune,X,sclerosis
2,858,Crohn's disease,Crohn's disease,Immune,Enteric,,IBD
402,114,Crying,Crying,Neural,Personality,X,
783,4,Chronic Nausea,Nausea,Neural,,,
382,5,Chronic Neck Pain,Pain,Physical,Pain,X,
428,149,Deep vein thrombosis,Deep vein thrombosis,Cardiac,Blood,,
312,1,"Chronic Pain - Back, joint, muscle",Pain,Physical,Pain,X,
483,1,chronic pain syndrome,Pain,Physical,Pain,X,
92,16,Chronic Pancreatitis,Pancreatitis,Immune,Inflammation,,
255,352,Degenerative Disc Disease,Degenerative disc disease,Physical,Ageing,,
481,7,Chronic Regional Pain Syndrome,Chronic Pain,Physical,Pain,,
446,72,Atypical depression,Depression,Neural,Mood,X,
602,3,CKD,,,,,
704,2,Cluster headache,Headache,Physical,Pain,,
469,1,cluster headaches,Headache,Physical,Pain,,
117,176,Depressed Mood,Depression,Neural,Mood,,
771,1,Coccydynia,,,,,
729,5,Coeliac Disease,Celiac disease,Immune,Autoimmune,,
666,1,Cognitive impairment,Cognitive impairment,Neural,,,
511,1,Cold,Cold,Immune,Infection,,
11,4790,Depression,Depression,Neural,Mood,,
77,5,Cold urticaria,Urticaria,Immune,Allergy,,
842,2,Colin Spasms,Spasm,Physical,,,
737,1,Colitis,Colitis,Immune,Enteric,,
140,348,Dysthymia,Depression,Neural,Mood,,
833,24,Colon polyps,Colon polyps,Cancer,Tissue,,
496,1,Colonic Inertia,Constipation,Physical,Enteric,,
118,16,Common cold,Cold,Immune,Infection,,
212,103,major depressive disorder,Depression,Neural,Mood,,
734,1,Complete Freak Out,,,,,
712,2,Complex partial seizure,Seizures,Neural,,X,
686,38,Teen depression,Depression,Neural,Mood,,
39,50,Diabetes,Diabetes,Hormonal,Blood,X,
802,2,Compulsive Skin Picking,,,,,
412,22,confusion,Confusion,Neural,,,
598,1,Congenital heart disease,,,,,
265,10,Constipation,Constipation,Physical,Enteric,,
199,12,COPD,COPD,Respiratory,,,
830,1,Cortical visual impairment,,,,,
81,36,Type 1 diabetes,Diabetes,Immune,Metabolism,X,
649,4,Cough headaches,,,,,
711,2,CPS,,,,,
105,130,Diarrhea,Diarrhea,Physical,Enteric,,
821,1,Cramps,,,,,
688,1,Cramps/Endo,,,,,
159,24,Craniocervical Instability,Craniocervical Instability,,,,
79,53,Dissociative disorders,Dissociative disorders,Neural,Perception,X,
732,1,Crazy Driving,,,,,
93,880,Dysautonomia,Dysautonomia,Neural,Tissue,X,
190,30,Orthostatic intolerance,Dysautonomia,Neural,Tissue,X,POTS included
616,4,Crohns Disease,Crohn's disease,Immune,Enteric,,IBD
125,20,Crohns,Crohn's disease,Immune,Enteric,,IBD
403,40,Dysmenorrhoea,Dysmenorrhoea,Hormonal,Menstruation,X,
442,241,eating problems,Eating problems,Neural,Diet,X,
875,2,CTCL,,,,,
681,10,Cubital tunnel syndrome,,,,,
584,1,Cushing syndrome,,,,,
836,1,Cushing's,,,,,
736,1,Cutting,,,,,
478,10,Cyclic vomiting syndrome,Nausea,Neural,Enteric,X,
94,162,Eczema,Eczema,Immune,Inflammation,,
213,2,Cystic fibrosis,Cystic fibrosis,Respiratory,Respiratory,X,
217,37,Angioedema,Edema,Physical,Blood,X,
786,1,Dandruff,Appearance,Physical,Appearance,,
410,73,EDS,Ehlers-Danlos syndrome,Genetic,Fatigue,X,
523,3,deafness (left ear),Deafness,Physical,,X,
14,1281,Ehlers-Danlos syndrome,Ehlers-Danlos syndrome,Genetic,Fatigue,X,
434,181,Endocrine disorder,Endocrine disorder,Hormonal,Tissue,X,
48,1,Degloving Injury Left Upper Thigh,,,,,
362,19,Dehydration,Dryness,Physical,,,
870,7,Delayed sleep phase,Sleep ,,,,
12,1379,Endometriosis,Endometriosis,Reproductive,Pain,X,
850,1,Dental pain,Pain,Physical,Pain,,
461,18,Depersonalization-derealization disorder,,,,,
205,139,Epilepsy,Epilepsy,Neural,Movement,,
454,120,Epistaxis,Epistaxis,Cardiac,Blood,,Nose bleeds
706,2,Dermatillomania,,,,,
846,23,Dermatitis,Eczema,Immune,Autoimmune,X,
563,169,Epstein-Barr Virus,Epstein-Barr virus,Immune,Infection,,
610,2,Diabetes insipidus,Diabetes,Hormonal,Blood,X,
586,2,Diabetes Type 2,Diabetes,Hormonal,Blood,X,
191,55,erythromelalgia,Erythromelalgia,Cardiac,Pain,,
532,1,Discogenic Disease,,,,,
632,3,Dislocation,Dislocation,Physical,Orthopedic,,
801,85,Esotropia,Esotropia,Physical,Movement,,
762,1,Dissociative Identity Disorder,,,,,
537,2,Diverticulitis,,,,,
277,1,diverticulosis,,,,,
122,16,Dizziness,Dizziness,Neural,,,
798,1,dizzyness,Dizziness,Neural,,,
852,2,Dropping things,Coordination,Neural,,,
279,7,Drug addiction,Drug addiction,Neural,,,
150,16,Dry eyes,Dryness,Physical,,,
169,6,Dry mouth,Dryness,Physical,,,
210,7,Dry skin,Dryness,Physical,,,
104,4,DSPS,,,,,
63,2,duanes syndrome,,,,,
271,4,dull pain,Pain,Physical,Pain,,
401,55,Skin Picking,Excoriation disorder,Neural,Perception,,
411,5,Dyshidrosis,,,,,
377,4,Dyslexia,Dyslexia,Neural,,,
856,47,Facial pain,Facial pain,Physical,Pain,,
667,3,Dysphoria,,,,,
261,56,Myofascial pain syndrome,Facial Pain,Physical,Pain,,
196,4,Dystonia,,,,,
556,11,Ear infection (middle ear),Infection,Immune,,,
787,1,Earwax blockage,,,,,
392,62,Crash Day,Fatigue,Physical,Fatigue,,
109,911,Fatigue,Fatigue,Physical,Fatigue,,
314,2,Edema,Edema,,,,
730,5,EDNOS,Eating dysorder,,,,
452,26,fatique,Fatigue,Physical,Fatigue,,
245,25,Low energy,Fatigue,Physical,Fatigue,,
35,3,Elbow Pain,Pain,Physical,Pain,,
575,1,Elhers Danlos (hypermobility),Ehlers-Danlos syndrome,Genetic,Fatigue,,
728,5,Elhers Danlos Syndrome,Ehlers-Danlos syndrome,Genetic,Fatigue,,
558,1,Elhers-Danlos syndrome,Ehlers-Danlos syndrome,Genetic,Fatigue,,
20,3577,Fibromyalgia,Fibromyalgia,Neural,Pain,X,
373,30,Fibromyalgia Questioning,Fibromyalgia,Neural,Pain,X,
582,2,Enlarged liver,Enlarged Liver,,,,
218,6,Enlarged Prostate,Enlarged Prostate,Reproductive,,,
528,2,Enteropathic Arthritis,Arthritis,Immune,Inflammation,,
128,583,fibromyalgia ,Fibromyalgia ,Neural,Pain,X,
587,10,Eosinophilic esophagitis,Esophagitis,Immune,,,
294,155,Flulike,Flu,Immune,Infection,,
594,50,Folliculitis,Folliculitis,Immune,Inflammation,,
329,1,Epstein barr,Epstein-Barr Virus,Immune,Infection,,
613,1,Epstein-Barr,Epstein-Barr Virus,Immune,Infection,,
172,94,Food Intolerances,Food allergy,Immune,Allergy,,
10,138,Oral Allergy Syndrome,Food allergy,Immune,Allergy,,
357,1,Esophageal hernia,Hernia,,,,
748,1,Esophageal spasms,Spasms,Physical,,,
335,80,Soy allergy,Food allergy,Immune,Allergy,,
227,9,Essential tremor,Tremor,,,,
219,19,Excema,Eczema,Immune,Autoimmune,,
697,5,excessive daytime sleepiness,Fatigue,,,,
871,7,Executive Dysfunction,,,,,
629,1,Exercise headaches,Headache,Neural,Pain,,
557,7,Exercise Intolerance,,,,,
669,6,Exercise-induced asthma,Asthma,,,,
845,1,Exhaustion,Fatigue,,,,
383,1,Extreme Hunger,,,,,
369,3,Extreme Thirst,,,,,
555,9,Eyestrain,,Physical,,,
33,3,Face Pain,Facial pain,Physical,Pain,,
759,83,Tannin Intolerance,Food allergy,Immune,Allergy,,
165,3,Factor V Leiden,,,,,
799,1,faintness,Fatigue,Physical,Fatigue,X,
851,3,Falls,Coordination,,,,
690,15,Familial adenomatous polyposis,,,,,
450,427,Fructose intolerance,Fructose malabsorbtion,Hormonal,Enteric,,
781,1,Fatigues,Fatigue,Physical,Fatigue,,
427,295,Fructose Malabsorption,Fructose malabsorbtion,Hormonal,Enteric,,
807,1,fear,,,,,
654,1,Fecal incontinence,,,,,
823,5,Feet,,,,,
808,1,feet ankle swell,,,,,
549,1,feet herpes,,,,,
524,6,Fever,Fever,Immune,Inflammation,,
102,3,Fibro CFS,,,,,
857,1,Fibro fog,,,,,
342,4,Fibroadenoma,,,,,
743,8,Fibrocystic breasts,Fibrocystic breasts,Physical,Tissue,,
444,410,Candida Overgrowth,Fungus,Immune,Infection,,
352,257,Gastritis,Gastritis,Immune,Inflammation,,
3,374,Gastroparesis,Gastroparesis,Neural,Enteric,,
678,7,Financial stress,Stress,Neural,Stress,,
753,19,Finger pain,Pain,Physical,Pain,,
355,1,First degree hemorrhoids,,,,,
873,12,Flaky skin on face,Dryness,Physical,Appearance,,
239,7,Fluid Retention,Edema,,,,
878,39,gender dysphoria,Gender dysphoria,Neural,Personality,,
581,1,FODMaP sensitivity,,,,,
684,57,just general poorly,General malaise,Physical,Pain,,
238,9,Food allergy,Food allergy,Immune,Enteric,,
259,250,lower ,General malaise,Physical,Pain,X,
381,52,unknown,General malaise,Physical,Pain,,
674,1,Foot swelling,Swelling,Physical,Pain,,
413,4,Frozen shoulder,,,,,
388,61,Hair loss,Hair loss,Physical,Appearance,,
51,650,Hashimoto's disease,Hashimoto's disease,Immune,Tissue,,
679,6,Frustration,Frustration,Neural,Mood,,
849,17,Fungal rash under breast,Fungus,Immune,Infection,,
222,2,Gallstones,,,,,
627,19,Gas and gas pains,,,,,
642,1,Gastric dumping,,,,,
136,443,Hay fever,Hay fever,Immune,Allergy,,
398,2,Gastritis ,Gastritis,Immune,Inflammation,,
827,2,Gastro-oesophageal-reflux,Acid Reflux,Physical,Enteric,,
393,43,Head Injury TBI,Head injury,Neural,Pain,,
847,37,post concussive syndrome,Head injury,Neural,Pain,X,
36,330,Chronic daily headaches,Headache,Neural,Pain,,
596,1,genital sores,,,,,
480,7,Genital warts,Genital warts,Reproductive,STD,,
430,71,Headache,Headache,Neural,Pain,,
553,1,Gerds,,,,,
327,14,Gilbert's syndrome,,,,,
363,4,Gingivitis,Gingivitis,Immune,Inflammation,,
47,1,Glucose Intolerance,,,,,
877,1,gluten intolerance,,,,,
499,1,Goiter,,,,,
605,5,Gout,,,,,
713,3,Grand mal seizure,,,,,
252,7,Graves' disease,,,,,
34,10,Groin Pain,Pain,Physical,Pain,,
757,1,Group B strep disease,Infection,Immune,Infection,,
653,1,Growing pains,Pain,Physical,Pain,,
56,1553,Headaches,Headache,Neural,Pain,,
368,15,hand pain,Pain,Physical,Pain,,
825,5,Hands,Pain,Physical,Pain,X,
162,94,New Daily Persistent Headache,Headache,Neural,Pain,,
560,1,Hashimoto's thyroiditis,Hashimoto's disease,Immune,Fatigue,,
700,3,Hashimotos disease,Hashimoto's disease,Immune,Fatigue,,
682,99,persistant daily headache,Headache,Neural,Pain,,
817,11,Hayfever,Allergic Rhinitis,Immune,,,
460,37,Rebound headaches,Headache,Neural,Pain,,
709,2,Head Pain,Headache,Neural,Pain,,
7,114,Sinus headaches,Headache,Neural,Pain,,
203,25,Tension headache,Headache,Neural,Pain,,
507,10,Hearing loss,Hearing loss,Physical,,,
257,9,Heart arrhythmias,Heart palpitations,Cardiac,Heart,,
841,1,Heart burn,Heart pain,Physical,Enteric,,
144,4,Heart disease,,,,,
609,1,Heart failure,,,,,
247,31,Heart flutters,Heart palpitations,Cardiac,Heart,,
714,3,Heart palpitations,Heart palpitations,Cardiac,Heart,,
295,58,Heat rash,Heat rash,Immune,Allergy,,
534,2,Hemiplegia,,,,,
300,2,Hemophilia,,,,,
521,11,Hemorrhoids,Hemorrhoids,Physical,,,
301,2,Hepatitis C,Hepatitis C,Immune,Infection,,
333,82,Hereditary hemorrhagic telangiectasia,Hereditary hemorrhagic telangiectasia,Genetic,Developmental,,
445,533,Herniated disk,Herniated disk,Physical,Pain,,
662,23,Herniated disks,Herniated disk,Physical,Pain,,
288,16,Hiatal hernia,,,,,
69,6,Hidradenitis suppurativa,,,,,
501,37,Hot flashes,Hot flashes,Physical,Ageing,,
533,4,High blood pressure (hypertension),Hypertension,Cardiac,Heart,,
197,9,High cholesterol,High cholesterol,Physical,Metabolism,,
776,1,Hip dysplasia,,,,,
448,1,Hip labral tear,,,,,
371,33,Hunger,Hunger,Physical,Metabolism,,
552,1,Hip stiffness,,,,,
545,1,Hip warmth,,,,,
331,6,Hirschsprung's disease,,,,,
340,3,Hirshprungs,,,,,
637,1,Hirstuitism,,,,,
127,7,Histamine intolerance,,,,,
635,1,histamine response,,,,,
220,15,hiv,HIV,Immune,Infection,,
811,4,Hives and angioedema,,,,,
777,1,Hormone Inbalance,Hormone Inbalance,Hormonal,,,
15,487,Hypermobility,Hypermobility,Physical,Movement,X,
343,19,HSV1,,,,,
380,64,hypersomnia,Hypersomnia,Neural,Sleep,,
693,10,Hyperacuisis,,,,,
97,6,Hyperadrenergic Dysautonomia,,,,,
879,1,Hyperandrogenism,,,,,
530,1,Hypercalcemia,,,,,
221,6,Hyperhidrosis,,,,,
775,1,Hyperhidrosis (excessive sweating),,,,,
455,130,Hypersomnolence,Hypersomnia,Neural,Sleep,,
62,1039,Idiopathic hypersomnia,Hypersomnia,Neural,Sleep,,
193,57,High blood pressure,Hypertension,Cardiac,Heart,,
297,146,hypertension,Hypertension,Cardiac,Heart,,
447,8,Hyperthyroidism,Hyperthyroidism,Hormonal,,,
304,8,Hypoglycemia,Hypoglycemia,Physical,Metabolism,,
619,4,Hypomania,,Physical,,,
66,3,Hypotension,Hypotension,Cardiac,Heart,,
664,32,Low blood pressure side-effects,Hypotension,Cardiac,Blood,,
848,19,IBD,IBD,Immune,Enteric,,
37,922,Hypothyroidism,Hypothyroidism,Hormonal,Fatigue,,
262,338,Collagenous colitis,IBD,Immune,Enteric,X,probably immune
599,1,ID Hypersomnia,,,,,
78,861,IBS,IBS,Immune,Enteric,,
399,5,Idiopathic Intracranial Hypertension,,,,,
691,15,Ileostomy,,,,,
687,4,Impaired Gastric Empyting,,,,,
21,1466,Irritable bowel syndrome,IBS,Immune,Enteric,X,probably immune
131,15,inappropriate sinus tachycardia,,,,,
121,2,Inattention,,,,,
562,167,Icthyosis,Icthyosis,Genetic,Skin,,
192,6,Indigestion,,,Enteric,,
752,1,Infectious diseases,,,,,
518,4,Infilmation,Inflammation,Immune,Inflammation,,
113,37,Impulsivity,Impulsivity,Neural,Personality,,
656,11,Inflammatory Arthritis,Arthritis,Immune,,,
593,11,Inflammatory bowel disease (IBD),IBD,Immune,,,
313,118,Inflammation,Inflammation,Immune,Inflammation,,
638,1,Insulin Resistence,Insulin resistance,Hormonal,Metabolism,,
519,1,Internal hemorrhoids,,,,,
322,29,Broken Foot,Injury,Physical,Orthopedic,,
330,8,Intestinal obstruction,Constipation,Physical,Enteric,,
209,1,Intractable migraine,Migraine,Neural,Pain,,
785,1,Iron deficiency anemia,Anemia,Physical,Blood,,
306,125,Rotator cuff injury,Injury,Physical,Orthopedic,,
38,212,Insomnia,Insomnia,Neural,Sleep,,
107,437,Interstitial cystitis,Interstitial cystitis,Renal-Urinary,Pain,,
551,1,ITB/glut med/bursitis pain,Pain,Physical,Pain,,
855,1,Itch,Itch,Physical,,,
267,112,irritability,Irritability,Neural,Personality,,
723,33,itchy bumps,Itch,Physical,Pain,X,
156,279,itchy skin,Itch,Physical,Pain,X,
484,46,Itchy skin (pruritus),Itch,Physical,Pain,X,
761,1,joint hypermobility,,,,,
564,169, Low White Blood Count Disorders,Low WBC,Immune,Blood,,
151,159,Lupus,Lupus,Immune,Autoimmune,,
311,29,systemic lupus erythematosus,Lupus,Immune,Autoimmune,,
803,2,Keratosis pilaris,,,,,
835,1,Kidney cancer,Kidney cancer,Cancer,Tissue,,
235,4,Kidney stones,,,,,
694,1,Kleine-levin syndrome,,,,,
22,812,Lyme disease,Lyme disease,Immune,Infection,,
824,5,Knees,Pain,Physical,Pain,X,
809,1,lack of appetite,Lack of appetite,,,,
457,12,Lactose intolerance,Lactose intolerance,Physical,Enteric,,
284,2,Late Stage Lyme Disease,,,,,
473,1,Latex allergy,Contact allergy,Immune,Allergy,,
332,1,Leaky Gut,,,,,
702,1,Left thigh numbness,,,,,
703,1,Left thigh skin itching,,,,,
604,2,Left ventricular hypertrophy,,,,,
326,77,Lymphedema,Lymphedema,Physical,Tissue,,
316,171,Mania,Mania,Neural,Mood,,
768,1,Legally Blind,,,,,
508,3,Lethargy,,,,,
85,3,Lichen planus,,,,,
200,10,Lichen sclerosus,,,,,
766,2,Light Sensitivity,,,,,
574,1,Lipedema,,,,,
625,2,Long QT syndrome,,,,,
486,4,Low blood pressure (hypotension),Hypotension,,,,
839,36,Mast cell activation disorder,Mast cell activation syndrome,Immune,Allergy,X,
60,647,Mast Cell Activation Syndrome,Mast cell activation syndrome,Immune,Allergy,X,
583,1,Low hemoglobin,,,,,
837,1,Low mood,Depression,Neural,Depression,,
281,9,Low oxygen saturation,,,,,
364,6,Low sex drive,Low sex drive,Reproductive,Sex,,
115,117,Meniere's disease,Meniere's disease,Neural,Tissue,X,Ear
701,5,Lower back pain,Pain,Physical,Pain,,
43,1,Lumbar Spinal Pain,Pain,Physical,Pain,,
345,273,Menstrual cramps,Menstrual cramps,Reproductive,Menstruation,,
617,3,Lupus nephritis,Lupus,Immune,Autoimmune,,
793,40,Menorrhagia,Menstruation,Reproductive,Menstruation,X,
59,127,Menstrual Cycle,Menstruation,Reproductive,Menstruation,,
283,3,lymphocytic colitis,Colitis,Immune,,,
424,3,Lymphoma,Lymphoma,Cancer,Blood,,
282,42,Menstrual pain,Menstruation,Reproductive,Menstruation,,
19,17,major somnolence,Fatigue,Neural,,,
350,28,Menstruation,Menstruation,Reproductive,Menstruation,,
867,3,Marfan syndrome,,,,,
527,33,Premenstrual disphoric disorder,Menstruation,Reproductive,Menstruation,X,
18,593,Chronic Migraines,Migraine,Neural,Pain,,
544,1,Mastocytosis,,,,,
185,14,MCAS,,,,,
475,1,ME/CFS,,,,,
13,2403,Migraine,Migraine,Neural,Pain,,
655,6,Menopause,Menopause,Hormonal,Ageing,,
263,69,Migraine with aura,Migranes,Neural,Pain,,
375,85,Mitochondrial myopathy,Mitochondrial myopathy,Physical,Muscle,,
429,144,Mitral valve prolapse,Mitral valve prolapse,Cardiac,Heart,,
243,25,mood swings,Mood disorder,Neural,Mood,,
195,90,Multiple sclerosis,Multiple sclerosis,Physical,Autoimmune,,
490,1,Meralgia paresthetica,,,,,
631,2,Microscopic colitis,Colitis,Immune,,,
336,216,Mycoplasma pneumoniae,Mycoplasma pneumoniae,Immune,Infection,,
418,54,Multiple Trigger Points,Myofascial pain syndrome,Physical,Pain,X,
500,3,Mild cognitive impairment (MCI),,,,,
497,1,Mitochondrial Disease,,,,,
67,255,Narcolepsy,Narcolepsy,Neural,Sleep,,
88,95,Nausea,Nausea,Physical,Pain,,
361,7,Mixed Connective Tidsue Disease,Connective tissue diseaes,Physical,Tissue,,
477,6,Mixed connective tissue disease,Connective tissue diseaes,Physical,Tissue,,
405,2,Mononucleosis,Mononucleosis,Immune,Infection,,
305,6,Mood disorders,Mood disorder,Neural,Mood,,
323,29,Neural Health,Neural health,Neural,Tissue,X,Group is not good
546,1,morning tiredness,,,,,
661,1,Morphea,,,,,
600,1,Motivation,,,,,
249,2,mouth ulcers,,,,,
829,1,MS,Multiple sclerosis,Physical,Autoimmune,,
441,4,Multiple Chemical Sensitivity,,,,,
236,35,Peripheral neuropathy,Neuropathy,Neural,Tissue,,
354,34,Nonallergic rhinitis,Nonallergic rhinitis,Immune,Inflammation,,
717,14,Muscle aches,Pain,Physical,Pain,X,
420,62,Numb Hand,Numbness,Physical,Pain,,
374,14,Muscle pain,Pain,Physical,Pain,X,
633,3,Muscle Spasm,Spasms,Physical,,,
770,1,Muscle spasms,Spasms,Physical,,,
676,1,Muscle weakness,Fatigue,Physical,Fatigue,,
790,3,Muscular dystrophy,,,,,
170,42,Obesity,Obesity,Physical,Metabolism,,
174,13,Myasthenia gravis,Myasthenia gravis,Neural,Movement,,
612,1,mycoplasma,,,,,
231,30,occipital neuralgia,Occipital neuralgia,Physical,Pain,,
611,1,Myoclonus,,,,,
5,306,Obsessive-compulsive disorder,OCD,Neural,Personality,,
665,1,Mystery,Mystery,,,,
451,29,Orthostatic hypotension,Orthostatic hypotension,Cardiac,Heart,,
462,52,Orthostatic hypotension (postural hypotension),Orthostatic hypotension,Cardiac,Heart,,
157,479,Osteoporosis,Osteoporosis,Immune,Ageing,,
256,8,neck shoulder back pain,Pain,Physical,Pain,,
608,1,Nemaline Myopathy,,,,,
504,1,Neocardiogenic syncope,,,,,
765,2,Neropathy,,,,,
6,28,Ovarian cysts,Ovarian cysts,Reproductive,Developmental,,
621,10,Neural illness,Neural Health,Neural,,,
338,8,Neural Intestinal Dysplasia,,,,,
881,1,Neuralgische Amyotrofie,,,,,
346,31,Abdominal pains,Pain,Physical,Pain,,
741,22,Neurocardiogenic Syncope,Syncope,,,,
386,8,Neurofibromatosis,,,,,
149,12,Neurogenic Bladder,,,,,
689,1,Neuropathic pain,Pain,,,,
348,29,Arm pains,Pain,Physical,Pain,,
719,3,NFCI,,,,,
472,1,Nickel allergy,Allergy,Immune,Allergy,,
293,4,Nightmare disorder,,,,,
276,13,Nocturnal Emissions,Nocturnal Emissions,Physical,Dysfunction,,
24,375,Back pain,Pain,Physical,Pain,,
488,2,Nonulcer stomach pain,Pain,Physical,Enteric,,
547,1,nose sores,,,,,
860,1,Numb arm,Numbness,Physical,Pain,,
359,34,Back pain at worst,Pain,Physical,Pain,,
269,3,numbness,Numbness,Physical,Pain,,
782,1,OBBI,,,,,
685,38,Body pain,Pain,Physical,Pain,,
663,202,Brief acute abdominal pain,Pain,Physical,Pain,,
296,118,Chronic Back pain,Chronic pain,Physical,Pain,,
168,25,Chronic mid back pain,Chronic pain,Physical,Pain,,
167,337,Chronic Pain,Chronic pain,Physical,Pain,X,
101,12,OCD,OCD,Neural,,,
796,15,Oppositional defiant disorder (ODD),,,,,
344,79,Chronic pelvic pain,Chronic pain,Physical,Pain,,
716,15,Oral lichen planus,,,,,
597,1,Oral sores,,,,,
206,15,Orthorexia,,,,,
44,89,Complex regional pain syndrome,CRPS,Neural,Pain,X,could be Physical
324,42,CRPS,CRPS,Neural,Pain,X,could be Physical
266,120,Foot Pain,Pain,Physical,Pain,,
831,1,Orthostatic tremor,,,,,
818,1,Osteitis Pubis,,,,,
31,28,Hip Pain,Pain,Physical,Pain,,
299,2,Osteomalacia,,,,,
652,51,Jaw pain,Pain,Physical,Pain,,
290,2,ostheopenia,,,,,
548,1,other joint pain,,,,,
72,785,joint pain,Pain,Physical,Pain,,
289,5,ovary pain,,,,,
328,12,Overactive bladder,Urinary problem,Physical,Dysfunction,,
26,68,Knee pain,Pain,Physical,Pain,,
421,98,Left wrist pain,Pain,Physical,Pain,,
767,2,Painful intercourse (dyspareunia),Dyspareunia,Physical,Pain,,
467,24,pains,Pain,Physical,Pain,,
724,4,Pancreatitis,Pancreatitis,Immune,Inflammation,,
740,20,PANDAS,PANDAS,Immune,Infection,,
244,26,Leg pain,Pain,Physical,Pain,,
27,111,Neck pain,Pain,Physical,Pain,,
578,9,Panic disorder,Panice,Neural,Stress,,
603,3,Paraneoplastic syndromes of the nervous system,,,,,
806,1,paranoia,Paranoia,Neural,,,
834,1,Parathesis,,,,,
119,96,Pain,Pain,Physical,Pain,,
153,2,Parkinson's disease,,,,,
286,54,patellofemoral joint pain,Pain,Physical,Pain,,
773,1,Patellofemoral subluxation,,,,,
858,3,PCOS,PCOS,Reproductive,Hormonal,,
112,22,Peptic ulcer,Peptic ulcer,,,,
471,1,Pericardial effusion,,,,,
623,1,Period,,,,,
882,2,Peripheral nerve injuries,,,,,
246,71,right hip pain,Pain,Physical,Pain,,
237,2,peripheral venous insufficiency,,,,,
179,39,Sciatica,Pain,Physical,Pain,,
29,120,Shoulder pain,Pain,Physical,Pain,,
630,6,Persistent Genital Arousal Disorder,Persistent Genital Arousal Disorder,Reproductive,,,
32,43,Stomach Pain,Pain,Physical,Pain,,
419,62,Painful Breathing,Painful breathing,Respiratory,Pain,,
506,5,Photosensitivity,,,,,
414,21,Pinched nerve,Pinched nerve,Physical,,,
270,2,pinching pain,,,,,
287,4,pituitary dysfunction,,,,,
495,90,Panic,Panic,Neural,Stress,,
624,2,Plantar Fascitis,Plantar Fasciitis,Physical,,,
378,1,Pleurisy,,,,,
400,228,Panic attacks,Panic,Neural,Stress,,
466,4,Pneumonia,,,,,
423,6,Pollen Allergy,,,,,
646,2,Polyarthralgyia,,,,,
234,4,Polycystic kidney disease,PCKD,,,,
863,331,Paresthesia,Paresthesia,Neural,Pain,X,"falling asleep, tingling"
176,25,tingling hands,Paresthesia,Neural,Pain,X,
111,97,Polycystic Ovaries,PCOS,Reproductive,Hormonal,,
792,1,Polycythemia vera,,,,,
394,3,Polymyositis,,,,,
618,2,Polyneuropathy,,,,,
492,2,Post Concussion Syndrome,Head injury,Neural,Pain,X,
114,365,Polycystic ovary syndrome,PCOS,Reproductive,Hormonal,,
541,1,Post Traumatic Stress Disorder,,,,,
302,14,Post-traumatic stress disorder (PTSD),PTSD,,,,
463,1,Postpartum depression,Postpartum depression,Neural,Depression,,
491,74,Polycystic ovary syndrome (PCOS),PCOS,Reproductive,Hormonal,,
425,8,postural orthostatic tachycardial syndrome,POTS,Neural,Fatigue,,
487,1,postural tachycardia syndrome,POTS,Neural,Fatigue,,
187,128,Pernicious Anemia,Pernicious anemia,Cardiac,Blood,,
53,7,Prediabetes,,,,,
813,3,Premature ventricular contractions,,,,,
409,93,Cat allergy,Pet allergy,Immune,Allergy,,
449,7,Premenstrual syndrome (PMS),PMS,,,,
379,1,Primary biliary cirrhosis,,,,,
543,1,Primary Raynaud's Phenomenon,,,,,
184,7,Primary sclerosing cholangitis,,,,,
334,80,Pet allergy,Pet allergy,Immune,Allergy,,
710,5,Proctitis,,,,,
214,2,Prostatitis,,,,,
189,287,Plantar fasciitis,Plantar fasciitis,Physical,Orthopedic,,
580,1,PSC,,,,,
280,8,Pseudotumor cerebri,,,,,
585,1,psoraisis,,,,,
100,80,PMDD,PMDD,Reproductive,Menstruation,X,
142,397,Postural Orthostatic Tachycardia Syndrome,POTS,Neural,Fatigue,,
23,548,POTS,POTS,Neural,Fatigue,X,
567,100,Procrastination,Procrastination,Neural,Personality,X,
139,214,Protoporphyria,Protoporphyria,Genetic,Tissue,X,most likely genetic
459,1,pudendal neuralgia,,,,,
677,7,Pulmonary fibrosis,,,,,
731,1,Punching Wall,Agression,Neural,Emotional,,
86,521,Psoriasis,Psoriasis,Immune,Autoimmune,,
657,3,Pyrrole disorder,Pyroluria,Cardiac,Genetic,X,
742,1,radiculopathy,,,,,
673,1,Rapid heartbeat,Heart palpitations,Cardiac,Heart,,
680,2,Rash,Rash,Immune,Allergy,,
456,49,Dark Triad,Psychopathy,Neural,Personality,,
814,11,Raynauds Phenomenon,Raynaud's disease,Neural,Stress,,
784,1,Reactive arthritis,,,,,
439,89,psychopathy,Psychopathy,Neural,Personality,X,
391,17,Rectocele,,,,,
49,2,Rectovaginal fistula,,,,,
415,10,Reflex Sympathetic Dystrophy,,,,,
228,164,Psychosis,Psychosis,Neural,Perception,,
16,254,C-PTSD,PTSD,Neural,Stress,,
108,297,CPTSD,PTSD,Neural,Stress,X,
155,445,PTSD,PTSD,Neural,Stress,X,
28,14,Rib pain,,,,,
864,40,Pyroluria,Pyroluria,Cardiac,Genetic,X,
298,17,Right Knee Pain,Pain,,,,
715,2,Right ovary pain,,,,,
241,17,Rosacea,,,,,
208,43,skin rashes,Rash,Immune,Allergy,X ,usually allergic
325,4,RSD,,,,,
95,8,RSI,RSI,,,,
531,10,Sacroiliitis,,,,,
175,427,Raynaud's disease,Raynaud's disease,Neural,Stress,,
253,7,Schizoaffective disorder,Schizophrenia,Neural,,,
68,359,Restless legs syndrome,Restless legs syndrome,Neural,Movement,,
358,59,neuro sarcoidosis,Sarcoidosis,Physical,Pain,,
96,84,Sarcoidosis,Sarcoidosis,Immune,Tissue,,
433,66,Schizoid personality disorder,Schizophrenia,Neural,Perception,X,Personality (?) instead of perception?
198,48,Schizophrenia,Schizophrenia,Neural,Perception,,
794,18,Seasonal Affective Disorder,Seasonal affective disorder,Neural,Mood,,
868,2,Seasonal affective disorder (SAD),Seasonal affective disorder,Neural,Mood,,
106,4,Seasonal Allergies,Seasonal allergies,Immune,Allergy,,
285,23,Seborrheic dermatitis,Eczema,Immune,Autoimmune,X,
158,2,Secondary hypertension,Hypertension,Cardiac,Heart,,
275,4,Seizure,Seizure,Neural,,,
152,18,selective polysaccharide antibody deficiency,,,,,
840,1,Sensitive skin on back,,,,,
164,504,Scleroderma,Scleroderma,Immune,Autoimmune,,
764,1,Severe acute respiratory syndrome (SARS),,,,,
862,1,Shakiness,,,,,
644,1,SHAPHO Syndrome,,,,,
698,1,Shingles,,,,,
272,2,shooting pain,Pain,Physical,Pain,,
515,2,shoulder,Pain,Physical,Pain,,
84,187,Scoliosis,Scoliosis,Genetic,Tissue,X,
503,507,Complex partial seizures,Seizures,Neural,Movement,X,
658,1,SI joint,,,,,
254,11,SIBO,,,,,
844,2,Sick,General Malaise,Physical,Pain,X,
438,373,Sensory Processing Disorder,Sensory processing disorder,Neural,Perception,,
337,7,sickness,General Malaise,Physical,Pain,X,
274,4,silent migraine,Migraine,Neural,Pain,,
838,6,Sinus,,,,,
780,1,sinus drainage,,,,,
57,122,sob,Shortness of breath,Respiratory,Tissue,,
640,1,Sinus tachycardia,,,,,
853,1,SjÃ¶gren's syndrome,Sjogren's syndrome,Immune,Autoimmune,,
525,1,Sjogren's,Sjogren's syndrome,Immune,Autoimmune,,
417,62,Shrunken Ulna Nerve,Shrunken ulnar nerve,Physical,Pain,,
512,1,Skin cancer,Skin cancer,Cancer,Tissue,,
494,136,Sickle cell anemia,Sickle cell,Genetic,Blood,,
116,286,Sjogren's syndrome,Sjogren's syndrome,Immune,Autoimmune,,
408,48,alpha wave intrusion,Sleep disorder,Neural,Sleep,X,
573,1,"Sleep apnea,
  central",Sleep ,Neural,Sleep,,
505,6,"Sleep apnea,
  obstructive",Sleep ,Neural,Sleep,,
538,45,Alpha Wave Intrusion vivid dreams,Sleep disorder,Neural,Sleep,X,
620,2,Sleep Issues,Sleep,Neural,Sleep,,
387,8,Sleep-related eating disorder,Eating Disorder,Neural,Diet,,
778,1,sleepiness,Sleep,Neural,Sleep,,
540,1,Small Fiber Neuropathy,,,,,
738,1,Snoring,Snoring,Physical,Sleep,,
360,77,delayed sleep phase disorder,Sleep disorder,Neural,Sleep,X,
202,70,Sleep disorders,Sleep disorder,Neural,Sleep,,
721,35,waking early morning,Sleep disorder,Neural,Sleep,,
750,1,Sore joints,Pain,Physical,Pain,,
645,1,sore neck,Pain,Physical,Pain,,
201,335,Sleep apnea,Sleep apnea,Neural,Sleep,,
443,283,social anxiety,Social anxiety,Neural,Personality,,
529,1,Spasms,Spasm,Physical,,,
536,2,Spastic Colon,Spasm,Physical,,,
226,432,Social anxiety disorder,Social anxiety,Neural,Personality,,
722,34,Sore throat,Sore throat,Immune,Inflammation,,
229,28,Spastic legs,Spasm,Physical,Movement,,
89,15,Sphincter of Oddi Dysfunction,,,,,
668,6,Spina bifida,,,,,
493,1,spinal problems,,,,,
789,5,Spinal stenosis,,,,,
758,23,spondylitis,Spondylitis,,,,
660,1,"Spondylitis , crohns disease,copd",,,,,
215,3,spondyloarthropathy,,,,,
251,3,spondylolisthesis,,,,,
465,1,Sprained ankle,Injury,Physical,Orthopedic,,
795,15,Staph infections,Staph infection,Immune,Infection,,
727,1,Stickler syndrome,,,,,
628,1,stiff neck,,,,,
561,2,Stiffness,,,,,
826,5,Stomach,Pain,Physical,Enteric,X,
230,160,Spastic lower body,Spasm,Physical,Movement,,
339,6,Stomal Hernia,Hernia,Physical,,,
592,1,Strep throat,Strep throat,Immune,Infection,,
232,255,Spasticity,Spasm,Physical,Movement,,
591,1,stressed,Stress,Neural,Stress,,
389,16,Stretch marks,Appearance,Physical,Appearance,,
154,2,Stroke,Stroke,Cardiac,Blood,,
696,1,Sudden cardiac arrest,Cardiac arrest,Cardiac,Heart,,
733,1,Suicidal,Suicidal,Neural,,,
588,1,Suicide and suicidal thoughts,Suicidal,Neural,,,
365,4,Sun allergy,Sun allergy,Immune,Allergy,,
779,1,sweat,Sweat,Physical,Appearance,,
161,90,Occult Spina Bifida,Spina bifidia,Physical,Developmental,,
751,21,Syncope,Syncope,,,,
819,1,synesthesia,,,,,
145,11,Syringomyelia,,,,,
273,95,Ankylosing spondylitis,Spondylitis,Physical,Inflammation,X,
132,17,Systemic mastocytosis,,,,,
485,1,systemic sclerosis,Scleroderma,Immune,Autoimmune,,
816,11,T.M.J,Temporomandibular joint disorder,Physical,Pain,,
468,9,Tachycardia,Tachycardia,Cardiac,Heart,,
233,12,Takayasu's arteritis,,,,,
565,50,Tennis elbow,Sports injury,Physical,Pain,,
366,239,Stress,Stress,Neural,Stress,,
8,8,Temporal lobe seizure,Seizure,Neural,,,
570,1,Temporomandibular Joint Disorder,Temporomandibular joint disorder,Physical,Pain,,
720,36,Swollen lymph nodes,Swollen lymph nodes,Immune,Infection,,
539,1,Tendon pain,Pain,Physical,Pain,,
171,27,Tendinitis,Tendinitis,Immune,Inflammation,X,Sports related
160,39,Occult Tethered Cord,Tethered cord,Physical,Tissue,X,
754,13,Tension Headaches,Headache,Physical,Pain,,
516,1,tension myositis syndrome,,,,,
671,1,Tethered Cord Syndrome,Tethered cord,,,,
522,4,that weird nerve thing,,,,,
370,5,Thirst,Thirst,Physical,Diet,,
670,1,Thoracic outlet syndrome,,,,,
636,1,Thoracic Spine Injury,,,,,
695,2,Thyroid nodules,,,,,
178,238,Tinnitus,Tinnitus,Neural,Pain,X,
791,1,Tingling in Feet,,,,,
422,62,TMJ,TMJ disorders,Physical,Pain,,
708,2,tired,Fatigue,Physical,Fatigue,,
526,2,Tiredness,Fatigue,Physical,Fatigue,,
17,306,TMJ disorders,TMJ disorders,Physical,Pain,,
407,50,Caries,Toothache,Physical,Pain,,
396,2,Tonsillitis,Tonsillitis,Immune,Inflammation,,
120,2,Toothache,Toothache,Physical,Pain,,
648,2,Torn meniscus,Injury,Physical,Orthopedic,,
260,4,Tourette syndrome,Tourette's,Neural,,,
268,4,Trapped nerve,,,,,
675,4,Trichotillomania,,,,,
91,36,Trigeminal neuralgia,Trigeminal neuralgia,Neural,Pain,,
264,2,trouble walking,,,,,
148,8,Tummy ache,Pain,Physical,Pain,,
683,92,Bladder can't pee,Urinary problem,Physical,Tissue,,
194,9,Type 2 diabetes,Diabetes,Hormonal,Metabolism,,
479,19,uctd,,,,,
182,38,Cystitis,Urinary problem,Renal-Urinary,Tissue,X,UTI
248,2,under active thyroid,,,,,
351,10,Undifferentiated Connective Tissue Disease,Connective tissue disease,Physical,,,
138,89,Irritable Bladder,Urinary Problem,Renal-Urinary,Pain,,
554,1,Unspecified Myopathy,,,,,
805,1,Upper Back Pain,Pain,Physical,Pain,,
71,8,upper body sweating,Sweat,Physical,Appearance,,
347,36,Urethra pains,Urinary problem,Renal-Urinary,Pain,X,
367,8,urge to pee,Urinary Problem,Physical,,,
126,256,Urinary Frequency,Urinary problem,Renal-Urinary,Tissue,X,
216,355,Urinary incontinence,Urinary problem,Renal-Urinary,Tissue,,
123,132,Urinary Pain,Urinary problem,Renal-Urinary,Pain,,
590,1,Urinary tract infection,Urinary Problem,Physical,,,
874,1,Urinary Urge,Urinary Problem,Physical,,,
124,5,Urinary Urgency,Urinary Problem,Physical,,,
278,1,Urticaria pigmentosa,Urticaria,Immune,Allergy,,
763,19,Uterine fibroids,,,,,
406,2,Uveitis,Uveitis,Immune,Inflammation,,
550,1,vaginal sores,,,,,
489,3,Varicose veins,,,,,
395,5,Vasculitis,Vasculitis,Immune,Inflammation,,
65,6,Vasovagal syncope,Syncope,,,,
699,1,Ventricular fibrillation,Ventricular fibrillation,Cardiac,Heart,,
224,53,Benign Paroxysmal Positional Vertigo,Vertigo,Neural,Movement,,
815,11,Viral,Infection,Immune,Infection,,
397,17,Visual snow,,,,,
626,1,vitamin b12 deficiency,Vitamin deficiency,Physical,,,
242,96,vertigo,Vertigo,Neural,Movement,,
188,191,vitamin D deficiency,Vitamin deficiency,Physical,Diet,simplified,
349,30,Vulval pains,Vulvodynia,Physical,Pain,,
576,53,Vulvar Vestibulitis,Vulvodynia,Physical,Pain,,
510,92,Vulvodynia,Vulvodynia,Physical,Pain,,
810,1,weak,Fatigue,Physical,Fatigue,,
643,1,Wegener's granulomatosis,,,,,
749,1,weight gain,Weight gain,Physical,Metabolism,,
568,24,Welts (Allergy),Allergy,Immune,Allergy,,
595,1,wheezing,,,,,
476,1,Wide spread pain,,,,,
622,1,Work,,,,,
745,3,Wrist pain,Pain,Physical,Pain,,