didn't really eat lunch,Carisoprodol,Cycling,Zantac,doctors,3 hour nap,worn out,tramadol,Don't wanna get up,migraine day,Naproxen,Amitriptyline,sick leave,cold,Boswelia Complex,pur-absorb iron,Aspirin,eye strain,said too much,migraine aura: excessive yawning,Ativan,Plaquenil,acupuncture,AM severe stiffness,nausea,hyper japan,sitting,Colpermin,social isolation,Sulfasalazine,vegan,Everything feels like a dream,Dinner,Steps,Magnesium,pain relief,Relpax,Cambia,anxiety attack,Swimming,Head pounding,washing,physical anxiety,support group,Fish oil,Dog had seizures,Obsessive cleaning,Tramadol,physiotherapy,laxatives,Standing desk,cocodamol,Worried about stupid stuff,Lexapro,Stiff back and neck,tired,heat and humidity,Aleve,Prilosec,I don't remember what I did yesterday,exhausted,0.9% Sodium Chloride Solution 1L,Day off,philosophy,Claritin,Citalopram,missed Vyvanse dose,ear ache,excedrin migraine,ate breakfast,Umeboshi,Bad day ,spending money,Superlong nap,funeral,Buffered Salmon Oil - DHA - EPA,weak,Recov Bipeptides,withdrawals,breathing exercises,linseed,cough,Cold,Gabapentin,Walking,Pain management,Nortriptyline,Cymbalta,Cranberry extract,Waking up sweaty,Amtiriptyline earlier,Vitamin d,Prednesone,Tolterodine,massage,Lamictal,Diazepam,Yoga,unrefreshing sleep,L-methylfolate,period,down,Omeprazole,Levothyroxine,vascular consultant,received the blame from a man,sugar free diet,fearing self sabotage,Anxiety about cleaning house,Physio,Topiramate,Citrucel,Valium,rest day,Enbrel,Didn't sleep well,Headspace,day off,Glucosamine,Multivitamin,Kuzu,Noritriptyline,Ibuprofen,Meditation,Triamcinolone,bike accident,thought about self injury,left the house,flu jab,Provigil,Feel Shakey,dozed,drank alcohol,birth control,Went out,yoga,Rowing machine,doctor,Klonopin,Funeral,vomiting,left leg pain,cosmetic mole removal,Daily walk,couldn't focus,hot,Exercise--walking,Zopiclone,elliptical,Subling B12,I feel like a burden,stressed,Anxiety about everything,Spironolactone,physio,Temazepam,heating pads,Japan,Adderall,D-Ribose,Keppra,insomnia last night,Bad Cold,Azathioprine,Work,oversensitive,Pentasa,out of the house,hyperventilation,Athlete Vitamin,rheumatologist,Trazodone,Propranolol,Pristiq,row
,,,,,,0.0,,0.0,0.0,,,,,,,,,,0.0,,,,0.0,,,,,,,,0.0,,,,,,,0.0,,0.0,,,,,,0.0,,,,,,0.0,,0.0,,,,,0.0,0.0,,,,,,,0.0,,,,,,,,,0.0,,,,,,,,,,,,,0.0,,,,,,,,,0.0,,,0.0,,,,,,,0.0,,,,,,,0.0,,,,,,,,,,,,,,,0.0,,,,,,,,,,,,,,,0.0,,,,,0.0,,0.0,,,,,,,,,0.0,,,,0.0,,,,,,,,,didn't really eat lunch
,,,,,,,,,,,,,,,,,,,,,,,,,,,,,,,,,,,,,,,,,,,,,,,,,,,,,,,,,,,,,,,,,,,,,,,,,,,,,,,,,,,,,,,,,,,,,,,,,,,,,,,,,,,,,,,,,,,,,,,,,,,,,,,,,,,,,,,,,,,,,,,,,,,,,,,,,,,,,,,,,,,,,,,,,,,,,,Carisoprodol
,,,,0.0,0.0,,2.0,,,,0.0,0.0,0.0,0.0,,,2.0,2.0,,,,0.0,,,2.0,2.0,0.0,2.0,,0.0,,,,,0.0,,,,,,0.0,2.0,2.0,,2.0,,0.0,0.0,0.0,0.0,,,,,,0.0,,,,,,2.0,2.0,,,2.0,,0.0,,,,2.0,,2.0,0.0,,0.0,,0.0,0.0,2.0,2.0,,,0.0,0.0,,,,2.0,,,,,,,2.0,,,,,,,2.0,2.0,,2.0,,0.0,,,,2.0,,,2.0,2.0,,,,2.0,,,,2.0,0.0,2.0,2.0,,,,2.0,,0.0,0.0,0.0,2.0,,2.0,0.0,2.0,2.0,,2.0,,,,,,,,,,0.0,,0.0,0.0,,,,,0.0,,0.0,,,,2.0,0.0,2.0,,,,Cycling
,,,,,,,,,,,,,,,0.0,,,,,,,,,,,,,,,,,0.0,2.0,2.22044604925e-16,,,,,,,,,,0.00244549345079,,,,,,,0.0,,,,,,,2.22044604925e-16,,,,,,0.00406929877391,0.180545610195,,,,,,,,,,,,,,,,,,,,,,,2.0,,,0.26182123565,2.0,,0.00389438222419,,,,,,,,,,,,,,,,0.180545610195,0.0,,,,,,,,,,,,,,,,,,,,,,,,,,,,,,,,,,,,,,,,,,0.180545610195,,,,,,,,,,,,,,,,,,,,,Zantac
,,0.0,,,0.0,,2.0,,,,0.0,0.0,0.0,0.0,,,2.0,2.0,,,,0.0,,,2.0,2.0,0.0,2.0,,0.0,,,,,0.0,,,,,,0.0,2.0,2.0,,2.0,,0.0,0.0,0.0,0.0,,,,,,0.0,,,,,,2.0,2.0,,,2.0,,0.0,,,,2.0,,2.0,0.0,,0.0,,0.0,0.0,2.0,2.0,,,0.0,0.0,,,,2.0,,,,,,,2.0,,,,,,,2.0,2.0,,2.0,,0.0,,,,2.0,,,2.0,2.0,,,,2.0,,,,2.0,0.0,2.0,2.0,,,,2.0,,0.0,0.0,0.0,2.0,,2.0,0.0,2.0,2.0,,2.0,,,,,,,,,,0.0,,0.0,0.0,,,,,0.0,,0.0,,,,2.0,0.0,2.0,,,,doctors
,,0.0,,0.0,,,2.0,,,,0.0,0.0,0.0,0.0,,,2.0,2.0,,,,0.0,,,2.0,2.0,0.0,2.0,,0.0,,,,,0.0,,,,,,0.0,2.0,2.0,,2.0,,0.0,0.0,0.0,0.0,,,,,,0.0,,,,,,2.0,2.0,,,2.0,,0.0,,,,2.0,,2.0,0.0,,0.0,,0.0,0.0,2.0,2.0,,,0.0,0.0,,,,2.0,,,,,,,2.0,,,,,,,2.0,2.0,,2.0,,0.0,,,,2.0,,,2.0,2.0,,,,2.0,,,,2.0,0.0,2.0,2.0,,,,2.0,,0.0,0.0,0.0,2.0,,2.0,0.0,2.0,2.0,,2.0,,,,,,,,,,0.0,,0.0,0.0,,,,,0.0,,0.0,,,,2.0,0.0,2.0,,,,3 hour nap
0.0,,,,,,,,0.0,0.0,,,,,,,,,,0.0,,,,0.0,,,,,,,,0.0,,,,,,,0.0,,0.0,,,,,,0.0,,,,,,0.0,,0.0,,,,,0.0,0.0,,,,,,,0.0,,,,,,,,,0.0,,,,,,,,,,,,,0.0,,,,,,,,,0.0,,,0.0,,,,,,,0.0,,,,,,,0.0,,,,,,,,,,,,,,,0.0,,,,,,,,,,,,,,,0.0,,,,,0.0,,0.0,,,,,,,,,0.0,,,,0.0,,,,,,,,,worn out
,,2.0,,2.0,2.0,,,,,,2.0,2.0,2.0,2.0,,,0.0,0.0,,,,2.0,,,0.0,0.0,2.0,0.0,,2.0,,,,,2.0,,,,,,2.0,0.0,0.0,,0.0,,2.0,2.0,2.0,2.0,,,,,,2.0,,,,,,0.0,0.0,,,0.0,,2.0,,,,0.0,,0.0,2.0,,2.0,,2.0,2.0,0.0,0.0,,,2.0,2.0,,,,0.0,,,,,,,0.0,,,,,,,0.0,0.0,,0.0,,2.0,,,,0.0,,,0.0,0.0,,,,0.0,,,,0.0,2.0,0.0,0.0,,,,0.0,,2.0,2.0,2.0,0.0,,0.0,2.0,0.0,0.0,,0.0,,,,,,,,,,2.0,,2.0,2.0,,,,,2.0,,2.0,,,,0.0,2.0,0.0,,,,tramadol
0.0,,,,,,0.0,,,0.0,,,,,,,,,,0.0,,,,0.0,,,,,,,,0.0,,,,,,,0.0,,0.0,,,,,,0.0,,,,,,0.0,,0.0,,,,,0.0,0.0,,,,,,,0.0,,,,,,,,,0.0,,,,,,,,,,,,,0.0,,,,,,,,,0.0,,,0.0,,,,,,,0.0,,,,,,,0.0,,,,,,,,,,,,,,,0.0,,,,,,,,,,,,,,,0.0,,,,,0.0,,0.0,,,,,,,,,0.0,,,,0.0,,,,,,,,,Don't wanna get up
0.0,,,,,,0.0,,0.0,,,,,,,,,,,0.0,,,,0.0,,,,,,,,0.0,,,,,,,0.0,,0.0,,,,,,0.0,,,,,,0.0,,0.0,,,,,0.0,0.0,,,,,,,0.0,,,,,,,,,0.0,,,,,,,,,,,,,0.0,,,,,,,,,0.0,,,0.0,,,,,,,0.0,,,,,,,0.0,,,,,,,,,,,,,,,0.0,,,,,,,,,,,,,,,0.0,,,,,0.0,,0.0,,,,,,,,,0.0,,,,0.0,,,,,,,,,migraine day
,,,,,,,,,,,,,,,,,,,,,,,,,,,,,,,,,,,,0.0,,,,,,,,,,,,,,,,,,,,,,,,,,,,,,,,,,,,,,,,,,,,,,,,,,,,,,,,,,,,,,,,,,,,,,,,,,,,,,,,,,,,,,,,,,,,,,,,,,,,,,,,,,,,,,,,,,,,,,,,,,,,,,,,,,,,,,,,,,Naproxen
,,0.0,,0.0,0.0,,2.0,,,,,0.0,0.0,0.0,,,2.0,2.0,,,,0.0,,,2.0,2.0,0.0,2.0,,0.0,,,,,0.0,,,,,,0.0,2.0,2.0,,2.0,,0.0,0.0,0.0,0.0,,,,,,0.0,,,,,,2.0,2.0,,,2.0,,0.0,,,,2.0,,2.0,0.0,,0.0,,0.0,0.0,2.0,2.0,,,0.0,0.0,,,,2.0,,,,,,,2.0,,,,,,,2.0,2.0,,2.0,,0.0,,,,2.0,,,2.0,2.0,,,,2.0,,,,2.0,0.0,2.0,2.0,,,,2.0,,0.0,0.0,0.0,2.0,,2.0,0.0,2.0,2.0,,2.0,,,,,,,,,,0.0,,0.0,0.0,,,,,0.0,,0.0,,,,2.0,0.0,2.0,,,,Amitriptyline
,,0.0,,0.0,0.0,,2.0,,,,0.0,,0.0,0.0,,,2.0,2.0,,,,0.0,,,2.0,2.0,0.0,2.0,,0.0,,,,,0.0,,,,,,0.0,2.0,2.0,,2.0,,0.0,0.0,0.0,0.0,,,,,,0.0,,,,,,2.0,2.0,,,2.0,,0.0,,,,2.0,,2.0,0.0,,0.0,,0.0,0.0,2.0,2.0,,,0.0,0.0,,,,2.0,,,,,,,2.0,,,,,,,2.0,2.0,,2.0,,0.0,,,,2.0,,,2.0,2.0,,,,2.0,,,,2.0,0.0,2.0,2.0,,,,2.0,,0.0,0.0,0.0,2.0,,2.0,0.0,2.0,2.0,,2.0,,,,,,,,,,0.0,,0.0,0.0,,,,,0.0,,0.0,,,,2.0,0.0,2.0,,,,sick leave
,,0.0,,0.0,0.0,,2.0,,,,0.0,0.0,,0.0,,,2.0,2.0,,,,0.0,,,2.0,2.0,0.0,2.0,,0.0,,,,,0.0,,,,,,0.0,2.0,2.0,,2.0,,0.0,0.0,0.0,0.0,,,,,,0.0,,,,,,2.0,2.0,,,2.0,,0.0,,,,2.0,,2.0,0.0,,0.0,,0.0,0.0,2.0,2.0,,,0.0,0.0,,,,2.0,,,,,,,2.0,,,,,,,2.0,2.0,,2.0,,0.0,,,,2.0,,,2.0,2.0,,,,2.0,,,,2.0,0.0,2.0,2.0,,,,2.0,,0.0,0.0,0.0,2.0,,2.0,0.0,2.0,2.0,,2.0,,,,,,,,,,0.0,,0.0,0.0,,,,,0.0,,0.0,,,,2.0,0.0,2.0,,,,cold
,,0.0,,0.0,0.0,,2.0,,,,0.0,0.0,0.0,,,,2.0,2.0,,,,0.0,,,2.0,2.0,0.0,2.0,,0.0,,,,,0.0,,,,,,0.0,2.0,2.0,,2.0,,0.0,0.0,0.0,0.0,,,,,,0.0,,,,,,2.0,2.0,,,2.0,,0.0,,,,2.0,,2.0,0.0,,0.0,,0.0,0.0,2.0,2.0,,,0.0,0.0,,,,2.0,,,,,,,2.0,,,,,,,2.0,2.0,,2.0,,0.0,,,,2.0,,,2.0,2.0,,,,2.0,,,,2.0,0.0,2.0,2.0,,,,2.0,,0.0,0.0,0.0,2.0,,2.0,0.0,2.0,2.0,,2.0,,,,,,,,,,0.0,,0.0,0.0,,,,,0.0,,0.0,,,,2.0,0.0,2.0,,,,Boswelia Complex
,,,0.0,,,,,,,,,,,,,,,,,,,,,,,,,,,,,0.0,2.0,0.0,,,,,,,,,,0.0,,,,,,,,,,,,,,0.0,,,,,,0.0,0.0,,,,,,,,,,,,,,,,,,,,,,,,,,0.0,2.0,,0.0,,,,,,,,,,,,,,,,0.0,0.0,,,,,,,,,,,,,,,,,,,,,,,,,,,,,,,,,,,,,,,,,,0.0,,,,,,,,,,,,,,,,,,,,,pur-absorb iron
,,,,,,,,,,,,,,,,,,,,2.0,,,,,,,,,,,,,,,,,0.0,,,,,,,,,,,,,,,,0.0,,,,,,,,,,,,,,,,,,,,,,,,,,,,,,0.0,,,,,,,,,,,,,,,,0.0,,,,,,,2.0,,,,,,,,,,,,,0.0,,,,,,,,,,,,,,0.0,,,,,,,,,,,,,,,,,,,,,,,,,,,0.0,,,,,,,,,,,,,,Aspirin
,,2.0,,2.0,2.0,,0.0,,,,2.0,2.0,2.0,2.0,,,,0.0,,,,2.0,,,0.0,0.0,2.0,0.0,,2.0,,,,,2.0,,,,,,2.0,0.0,0.0,,0.0,,2.0,2.0,2.0,2.0,,,,,,2.0,,,,,,0.0,0.0,,,0.0,,2.0,,,,0.0,,0.0,2.0,,2.0,,2.0,2.0,0.0,0.0,,,2.0,2.0,,,,0.0,,,,,,,0.0,,,,,,,0.0,0.0,,0.0,,2.0,,,,0.0,,,0.0,0.0,,,,0.0,,,,0.0,2.0,0.0,0.0,,,,0.0,,2.0,2.0,2.0,0.0,,0.0,2.0,0.0,0.0,,0.0,,,,,,,,,,2.0,,2.0,2.0,,,,,2.0,,2.0,,,,0.0,2.0,0.0,,,,eye strain
,,2.0,,2.0,2.0,,0.0,,,,2.0,2.0,2.0,2.0,,,0.0,,,,,2.0,,,0.0,0.0,2.0,0.0,,2.0,,,,,2.0,,,,,,2.0,0.0,0.0,,0.0,,2.0,2.0,2.0,2.0,,,,,,2.0,,,,,,0.0,0.0,,,0.0,,2.0,,,,0.0,,0.0,2.0,,2.0,,2.0,2.0,0.0,0.0,,,2.0,2.0,,,,0.0,,,,,,,0.0,,,,,,,0.0,0.0,,0.0,,2.0,,,,0.0,,,0.0,0.0,,,,0.0,,,,0.0,2.0,0.0,0.0,,,,0.0,,2.0,2.0,2.0,0.0,,0.0,2.0,0.0,0.0,,0.0,,,,,,,,,,2.0,,2.0,2.0,,,,,2.0,,2.0,,,,0.0,2.0,0.0,,,,said too much
0.0,,,,,,0.0,,0.0,0.0,,,,,,,,,,,,,,0.0,,,,,,,,0.0,,,,,,,0.0,,0.0,,,,,,0.0,,,,,,0.0,,0.0,,,,,0.0,0.0,,,,,,,0.0,,,,,,,,,0.0,,,,,,,,,,,,,0.0,,,,,,,,,0.0,,,0.0,,,,,,,0.0,,,,,,,0.0,,,,,,,,,,,,,,,0.0,,,,,,,,,,,,,,,0.0,,,,,0.0,,0.0,,,,,,,,,0.0,,,,0.0,,,,,,,,,migraine aura: excessive yawning
,,,,,,,,,,,,,,,,2.0,,,,,,,,,,,,,,,,,,,,,,,,,,,,,,,,,,,,,,,,,,,,,,,,,,,,,,,,,,,,,,,,,,,,,,,,,,,,,,,,,,,,,,,,,,,,,,,,,,,,,,,,,,,,,,,,,,,,,,,,,,,,,,,,,,,,,,,,,,,,,,,,,,,,,,,,,,,,,,Ativan
,,,,,,,,,,,,,,,,,,,,,,,,,,,,,,,,,,,,,,,,,,,,,,,,,,,,,,,,,2.22044604925e-16,,,,,,,,,,,,,,,,,,,,,,,,,,,,,,,,,,,,,,,,,,,,,,,,,,,,,,,,,,,,,,,,,,,,,,,,2.22044604925e-16,,,,,,,,,,,,,,,,,,,,,,,,,,,,,0.0,,,,,,,,,,,,,,,,Plaquenil
,,0.0,,0.0,0.0,,2.0,,,,0.0,0.0,0.0,0.0,,,2.0,2.0,,,,,,,2.0,2.0,0.0,2.0,,0.0,,,,,0.0,,,,,,0.0,2.0,2.0,,2.0,,0.0,0.0,0.0,0.0,,,,,,0.0,,,,,,2.0,2.0,,,2.0,,0.0,,,,2.0,,2.0,0.0,,0.0,,0.0,0.0,2.0,2.0,,,0.0,0.0,,,,2.0,,,,,,,2.0,,,,,,,2.0,2.0,,2.0,,0.0,,,,2.0,,,2.0,2.0,,,,2.0,,,,2.0,0.0,2.0,2.0,,,,2.0,,0.0,0.0,0.0,2.0,,2.0,0.0,2.0,2.0,,2.0,,,,,,,,,,0.0,,0.0,0.0,,,,,0.0,,0.0,,,,2.0,0.0,2.0,,,,acupuncture
0.0,,,,,,0.0,,0.0,0.0,,,,,,,,,,0.0,,,,,,,,,,,,0.0,,,,,,,0.0,,0.0,,,,,,0.0,,,,,,0.0,,0.0,,,,,0.0,0.0,,,,,,,0.0,,,,,,,,,0.0,,,,,,,,,,,,,0.0,,,,,,,,,0.0,,,0.0,,,,,,,0.0,,,,,,,0.0,,,,,,,,,,,,,,,0.0,,,,,,,,,,,,,,,0.0,,,,,0.0,,0.0,,,,,,,,,0.0,,,,0.0,,,,,,,,,AM severe stiffness
,,,,,,,,,,,,,,,,,,,,,,,,,,,,,,,,,,,,,,,,,,,,,,,,,,,,,,,0.0,,,,,,,,,,,,,,0.0,,0.0,,0.0,,,,,0.0,,,,,,,,,,,,,,,,,,,,,,0.0,,,,,,,,,,,,,,,,,,,,,,,,,,,,,,,0.0,,,,,,,,,,,,,,,,,,,,0.0,,,,,,,,,,,,,,,,0.0,,,,,,,nausea
,,2.0,,2.0,2.0,,0.0,,,,2.0,2.0,2.0,2.0,,,0.0,0.0,,,,2.0,,,,0.0,2.0,0.0,,2.0,,,,,2.0,,,,,,2.0,0.0,0.0,,0.0,,2.0,2.0,2.0,2.0,,,,,,2.0,,,,,,0.0,0.0,,,0.0,,2.0,,,,0.0,,0.0,2.0,,2.0,,2.0,2.0,0.0,0.0,,,2.0,2.0,,,,0.0,,,,,,,0.0,,,,,,,0.0,0.0,,0.0,,2.0,,,,0.0,,,0.0,0.0,,,,0.0,,,,0.0,2.0,0.0,0.0,,,,0.0,,2.0,2.0,2.0,0.0,,0.0,2.0,0.0,0.0,,0.0,,,,,,,,,,2.0,,2.0,2.0,,,,,2.0,,2.0,,,,0.0,2.0,0.0,,,,hyper japan
,,2.0,,2.0,2.0,,0.0,,,,2.0,2.0,2.0,2.0,,,0.0,0.0,,,,2.0,,,0.0,,2.0,0.0,,2.0,,,,,2.0,,,,,,2.0,0.0,0.0,,0.0,,2.0,2.0,2.0,2.0,,,,,,2.0,,,,,,0.0,0.0,,,0.0,,2.0,,,,0.0,,0.0,2.0,,2.0,,2.0,2.0,0.0,0.0,,,2.0,2.0,,,,0.0,,,,,,,0.0,,,,,,,0.0,0.0,,0.0,,2.0,,,,0.0,,,0.0,0.0,,,,0.0,,,,0.0,2.0,0.0,0.0,,,,0.0,,2.0,2.0,2.0,0.0,,0.0,2.0,0.0,0.0,,0.0,,,,,,,,,,2.0,,2.0,2.0,,,,,2.0,,2.0,,,,0.0,2.0,0.0,,,,sitting
,,0.0,,0.0,0.0,,2.0,,,,0.0,0.0,0.0,0.0,,,2.0,2.0,,,,0.0,,,2.0,2.0,,2.0,,0.0,,,,,0.0,,,,,,0.0,2.0,2.0,,2.0,,0.0,0.0,0.0,0.0,,,,,,0.0,,,,,,2.0,2.0,,,2.0,,0.0,,,,2.0,,2.0,0.0,,0.0,,0.0,0.0,2.0,2.0,,,0.0,0.0,,,,2.0,,,,,,,2.0,,,,,,,2.0,2.0,,2.0,,0.0,,,,2.0,,,2.0,2.0,,,,2.0,,,,2.0,0.0,2.0,2.0,,,,2.0,,0.0,0.0,0.0,2.0,,2.0,0.0,2.0,2.0,,2.0,,,,,,,,,,0.0,,0.0,0.0,,,,,0.0,,0.0,,,,2.0,0.0,2.0,,,,Colpermin
,,2.0,,2.0,2.0,,0.0,,,,2.0,2.0,2.0,2.0,,,0.0,0.0,,,,2.0,,,0.0,0.0,2.0,,,2.0,,,,,2.0,,,,,,2.0,0.0,0.0,,0.0,,2.0,2.0,2.0,2.0,,,,,,2.0,,,,,,0.0,0.0,,,0.0,,2.0,,,,0.0,,0.0,2.0,,2.0,,2.0,2.0,0.0,0.0,,,2.0,2.0,,,,0.0,,,,,,,0.0,,,,,,,0.0,0.0,,0.0,,2.0,,,,0.0,,,0.0,0.0,,,,0.0,,,,0.0,2.0,0.0,0.0,,,,0.0,,2.0,2.0,2.0,0.0,,0.0,2.0,0.0,0.0,,0.0,,,,,,,,,,2.0,,2.0,2.0,,,,,2.0,,2.0,,,,0.0,2.0,0.0,,,,social isolation
,,,,,,,,,,,,,,,,,,,,,,,,,,,,,,,,,,,,,,,,,,,,,,,,,,,,,,,,,,,,,,,,,,,,,,,,,,,,,,,,,,,,,,,2.0,,,,,,,,,,,,,,,,,,,,,,,,,,,,,,,,,,,,,,,,,,,,,,,,,,,,,,,,,,,,,,,,,,,,,,,,2.0,,,,,,,,,,,,2.0,,,Sulfasalazine
,,0.0,,0.0,0.0,,2.0,,,,0.0,0.0,0.0,0.0,,,2.0,2.0,,,,0.0,,,2.0,2.0,0.0,2.0,,,,,,,0.0,,,,,,0.0,2.0,2.0,,2.0,,0.0,0.0,0.0,0.0,,,,,,0.0,,,,,,2.0,2.0,,,2.0,,0.0,,,,2.0,,2.0,0.0,,0.0,,0.0,0.0,2.0,2.0,,,0.0,0.0,,,,2.0,,,,,,,2.0,,,,,,,2.0,2.0,,2.0,,0.0,,,,2.0,,,2.0,2.0,,,,2.0,,,,2.0,0.0,2.0,2.0,,,,2.0,,0.0,0.0,0.0,2.0,,2.0,0.0,2.0,2.0,,2.0,,,,,,,,,,0.0,,0.0,0.0,,,,,0.0,,0.0,,,,2.0,0.0,2.0,,,,vegan
0.0,,,,,,0.0,,0.0,0.0,,,,,,,,,,0.0,,,,0.0,,,,,,,,,,,,,,,0.0,,0.0,,,,,,0.0,,,,,,0.0,,0.0,,,,,0.0,0.0,,,,,,,0.0,,,,,,,,,0.0,,,,,,,,,,,,,0.0,,,,,,,,,0.0,,,0.0,,,,,,,0.0,,,,,,,0.0,,,,,,,,,,,,,,,0.0,,,,,,,,,,,,,,,0.0,,,,,0.0,,0.0,,,,,,,,,0.0,,,,0.0,,,,,,,,,Everything feels like a dream
,,,0.0,,,,,,,,,,,,0.0,,,,,,,,,,,,,,,,,,2.0,0.0,,,,,,,,,,0.0,,,,,,,,,,,,,,0.0,,,,,,0.0,0.0,,,,,,,,,,,,,,,,,,,,,,,,,,0.0,2.0,,0.0,,,,,,,,,,,,,,,,0.0,0.0,,,,,,,,,,,,,,,,,,,,,,,,,,,,,,,,,,,,,,,,,,0.0,,,,,,,,,,,,,,,,,,,,,Dinner
,,,2.0,,,,,,,,,,,,2.0,,,,,,,,,,,,,,,,,2.0,,2.0,,,,,,,,,,2.0,,,,,,,,,,,,,,2.0,,,,,,2.0,2.0,,,,,,,,,,,,,,,,,,,,,,,,,,2.0,0.0,,2.0,,,,,,,,,,,,,,,,2.0,2.0,,,,,,,,,,,,,,,,,,,,,,,,,,,,,,,,,,,,,,,,,,2.0,,,,,,,,,,,,,,,,,,,,,Steps
,,,2.22044604925e-16,,,,,,,,,,,,0.0,,,,,,,,,,,,,,,,,0.0,2.0,,,,,,,,,,,0.00244549345079,,,,,,,0.0,,,,,,,2.22044604925e-16,,,,,,0.00406929877391,0.180545610195,,,,,,,,,,,,,,,,,,,,,,,2.0,,,0.26182123565,2.0,,0.00389438222419,,,,,,,,,,,,,,,,0.180545610195,0.0,,,,,,,,,,,,,,,,,,,,,,,,,,,,,,,,,,,,,,,,,,0.180545610195,,,,,,,,,,,,,,,,,,,,,Magnesium
,,0.0,,0.0,0.0,,2.0,,,,0.0,0.0,0.0,0.0,,,2.0,2.0,,,,0.0,,,2.0,2.0,0.0,2.0,,0.0,,,,,,,,,,,0.0,2.0,2.0,,2.0,,0.0,0.0,0.0,0.0,,,,,,0.0,,,,,,2.0,2.0,,,2.0,,0.0,,,,2.0,,2.0,0.0,,0.0,,0.0,0.0,2.0,2.0,,,0.0,0.0,,,,2.0,,,,,,,2.0,,,,,,,2.0,2.0,,2.0,,0.0,,,,2.0,,,2.0,2.0,,,,2.0,,,,2.0,0.0,2.0,2.0,,,,2.0,,0.0,0.0,0.0,2.0,,2.0,0.0,2.0,2.0,,2.0,,,,,,,,,,0.0,,0.0,0.0,,,,,0.0,,0.0,,,,2.0,0.0,2.0,,,,pain relief
,,,,,,,,,,0.0,,,,,,,,,,,,,,,,,,,,,,,,,,,,,,,,,,,,,,,,,,,,,,,,,,,,,,,,,,,,,,,,,,,,,,,,,,,,,,,,,,,,,,,,,,,,,,,,,,,,,,,,,,,,,,,,,,,,,,,,,,,,,,,,,,,,,,,,,,,,,,,,,,,,,,,,,,,,,,,,,,,,Relpax
,,,,,,,,,,,,,,,,0.0,,,,,,,,,,,,,,,,,,,,,,,,,,,,,,,,,,,,,0.0,,,,,,,,,,,,,,,,,,,,,,,,,,,,,,0.0,,,,,,,,,,,,,,,,0.0,,,,,,,2.0,,,,,,,,,,,,,0.0,,,,,,,,,,,,,,0.0,,,,,,,,,,,,,,,,,,,,,,,,,,,0.0,,,,,,,,,,,,,,Cambia
0.0,,,,,,0.0,,0.0,0.0,,,,,,,,,,0.0,,,,0.0,,,,,,,,0.0,,,,,,,,,0.0,,,,,,0.0,,,,,,0.0,,0.0,,,,,0.0,0.0,,,,,,,0.0,,,,,,,,,0.0,,,,,,,,,,,,,0.0,,,,,,,,,0.0,,,0.0,,,,,,,0.0,,,,,,,0.0,,,,,,,,,,,,,,,0.0,,,,,,,,,,,,,,,0.0,,,,,0.0,,0.0,,,,,,,,,0.0,,,,0.0,,,,,,,,,anxiety attack
,,,,,,,,,,,,,,,,,,,,,,,,,,,,,,,,,,,,,,,,,,,,,,,,,,,,,,,,,,,,,,,,,,,,,,,,,,,,,,,,,,,,,,,,,,,,,,,,,,,,,,,,,,,,,,,,,,,,,,,,,,,,,,,,,,,,,,,,,,,,,,,,,,,,,,,,,,,,,,,,,,,,,,,,,,,,,,Swimming
0.0,,,,,,0.0,,0.0,0.0,,,,,,,,,,0.0,,,,0.0,,,,,,,,0.0,,,,,,,0.0,,,,,,,,0.0,,,,,,0.0,,0.0,,,,,0.0,0.0,,,,,,,0.0,,,,,,,,,0.0,,,,,,,,,,,,,0.0,,,,,,,,,0.0,,,0.0,,,,,,,0.0,,,,,,,0.0,,,,,,,,,,,,,,,0.0,,,,,,,,,,,,,,,0.0,,,,,0.0,,0.0,,,,,,,,,0.0,,,,0.0,,,,,,,,,Head pounding
,,0.0,,0.0,0.0,,2.0,,,,0.0,0.0,0.0,0.0,,,2.0,2.0,,,,0.0,,,2.0,2.0,0.0,2.0,,0.0,,,,,0.0,,,,,,,2.0,2.0,,2.0,,0.0,0.0,0.0,0.0,,,,,,0.0,,,,,,2.0,2.0,,,2.0,,0.0,,,,2.0,,2.0,0.0,,0.0,,0.0,0.0,2.0,2.0,,,0.0,0.0,,,,2.0,,,,,,,2.0,,,,,,,2.0,2.0,,2.0,,0.0,,,,2.0,,,2.0,2.0,,,,2.0,,,,2.0,0.0,2.0,2.0,,,,2.0,,0.0,0.0,0.0,2.0,,2.0,0.0,2.0,2.0,,2.0,,,,,,,,,,0.0,,0.0,0.0,,,,,0.0,,0.0,,,,2.0,0.0,2.0,,,,washing
,,2.0,,2.0,2.0,,0.0,,,,2.0,2.0,2.0,2.0,,,0.0,0.0,,,,2.0,,,0.0,0.0,2.0,0.0,,2.0,,,,,2.0,,,,,,2.0,,0.0,,0.0,,2.0,2.0,2.0,2.0,,,,,,2.0,,,,,,0.0,0.0,,,0.0,,2.0,,,,0.0,,0.0,2.0,,2.0,,2.0,2.0,0.0,0.0,,,2.0,2.0,,,,0.0,,,,,,,0.0,,,,,,,0.0,0.0,,0.0,,2.0,,,,0.0,,,0.0,0.0,,,,0.0,,,,0.0,2.0,0.0,0.0,,,,0.0,,2.0,2.0,2.0,0.0,,0.0,2.0,0.0,0.0,,0.0,,,,,,,,,,2.0,,2.0,2.0,,,,,2.0,,2.0,,,,0.0,2.0,0.0,,,,physical anxiety
,,2.0,,2.0,2.0,,0.0,,,,2.0,2.0,2.0,2.0,,,0.0,0.0,,,,2.0,,,0.0,0.0,2.0,0.0,,2.0,,,,,2.0,,,,,,2.0,0.0,,,0.0,,2.0,2.0,2.0,2.0,,,,,,2.0,,,,,,0.0,0.0,,,0.0,,2.0,,,,0.0,,0.0,2.0,,2.0,,2.0,2.0,0.0,0.0,,,2.0,2.0,,,,0.0,,,,,,,0.0,,,,,,,0.0,0.0,,0.0,,2.0,,,,0.0,,,0.0,0.0,,,,0.0,,,,0.0,2.0,0.0,0.0,,,,0.0,,2.0,2.0,2.0,0.0,,0.0,2.0,0.0,0.0,,0.0,,,,,,,,,,2.0,,2.0,2.0,,,,,2.0,,2.0,,,,0.0,2.0,0.0,,,,support group
,,,0.00244549345079,,,,,,,,,,,,0.0,,,,,,,,,,,,,,,,,0.0,2.0,0.00244549345079,,,,,,,,,,,,,,,,,0.0,,,,,,,0.00244549345079,,,,,,0.0128037462307,0.142490901448,,,,,,,,,,,,,,,,,,,,,,,2.0,,,0.216476389636,2.0,,0.000168040926835,,,,,,,,,,,,,,,,0.142490901448,0.0,,,,,,,,,,,,,,,,,,,,,,,,,,,,,,,,,,,,,,,,,,0.142490901448,,,,,,,,,,,,,,,,,,,,,Fish oil
,,2.0,,2.0,2.0,,0.0,,,,2.0,2.0,2.0,2.0,,,0.0,0.0,,,,2.0,,,0.0,0.0,2.0,0.0,,2.0,,,,,2.0,,,,,,2.0,0.0,0.0,,,,2.0,2.0,2.0,2.0,,,,,0.0,2.0,,,,,,0.0,0.0,,,0.0,,2.0,0.0,,,0.0,,0.0,2.0,,2.0,,2.0,2.0,0.0,0.0,,,2.0,2.0,,,,0.0,,,,,,,0.0,,,,,,,0.0,0.0,,0.0,,2.0,,,,0.0,,0.0,0.0,0.0,,,,0.0,,,,0.0,2.0,0.0,0.0,,,,0.0,,2.0,2.0,2.0,0.0,,0.0,2.0,0.0,0.0,,0.0,,,,,,,0.0,,,2.0,,2.0,2.0,,,,,2.0,,2.0,,,,0.0,2.0,0.0,,,,Dog had seizures
0.0,,,,,,0.0,,0.0,0.0,,,,,,,,,,0.0,,,,0.0,,,,,,,,0.0,,,,,,,0.0,,0.0,,,,,,,,,,,,0.0,,0.0,,,,,0.0,0.0,,,,,,,0.0,,,,,,,,,0.0,,,,,,,,,,,,,0.0,,,,,,,,,0.0,,,0.0,,,,,,,0.0,,,,,,,0.0,,,,,,,,,,,,,,,0.0,,,,,,,,,,,,,,,0.0,,,,,0.0,,0.0,,,,,,,,,0.0,,,,0.0,,,,,,,,,Obsessive cleaning
,,0.0,,0.0,0.0,,2.0,,,,0.0,0.0,0.0,0.0,,,2.0,2.0,,,,0.0,,,2.0,2.0,0.0,2.0,,0.0,,,,,0.0,,,,,,0.0,2.0,2.0,,2.0,,,0.0,0.0,0.0,,,,,,0.0,,,,,,2.0,2.0,,,2.0,,0.0,,,,2.0,,2.0,0.0,,0.0,,0.0,0.0,2.0,2.0,,,0.0,0.0,,,,2.0,,,,,,,2.0,,,,,,,2.0,2.0,,2.0,,0.0,,,,2.0,,,2.0,2.0,,,,2.0,,,,2.0,0.0,2.0,2.0,,,,2.0,,0.0,0.0,0.0,2.0,,2.0,0.0,2.0,2.0,,2.0,,,,,,,,,,0.0,,0.0,0.0,,,,,0.0,,0.0,,,,2.0,0.0,2.0,,,,Tramadol
,,0.0,,0.0,0.0,,2.0,,,,0.0,0.0,0.0,0.0,,,2.0,2.0,,,,0.0,,,2.0,2.0,0.0,2.0,,0.0,,,,,0.0,,,,,,0.0,2.0,2.0,,2.0,,0.0,,0.0,0.0,,,,,,0.0,,,,,,2.0,2.0,,,2.0,,0.0,,,,2.0,,2.0,0.0,,0.0,,0.0,0.0,2.0,2.0,,,0.0,0.0,,,,2.0,,,,,,,2.0,,,,,,,2.0,2.0,,2.0,,0.0,,,,2.0,,,2.0,2.0,,,,2.0,,,,2.0,0.0,2.0,2.0,,,,2.0,,0.0,0.0,0.0,2.0,,2.0,0.0,2.0,2.0,,2.0,,,,,,,,,,0.0,,0.0,0.0,,,,,0.0,,0.0,,,,2.0,0.0,2.0,,,,physiotherapy
,,0.0,,0.0,0.0,,2.0,,,,0.0,0.0,0.0,0.0,,,2.0,2.0,,,,0.0,,,2.0,2.0,0.0,2.0,,0.0,,,,,0.0,,,,,,0.0,2.0,2.0,,2.0,,0.0,0.0,,0.0,,,,,,0.0,,,,,,2.0,2.0,,,2.0,,0.0,,,,2.0,,2.0,0.0,,0.0,,0.0,0.0,2.0,2.0,,,0.0,0.0,,,,2.0,,,,,,,2.0,,,,,,,2.0,2.0,,2.0,,0.0,,,,2.0,,,2.0,2.0,,,,2.0,,,,2.0,0.0,2.0,2.0,,,,2.0,,0.0,0.0,0.0,2.0,,2.0,0.0,2.0,2.0,,2.0,,,,,,,,,,0.0,,0.0,0.0,,,,,0.0,,0.0,,,,2.0,0.0,2.0,,,,laxatives
,,0.0,,0.0,0.0,,2.0,,,,0.0,0.0,0.0,0.0,,,2.0,2.0,,,,0.0,,,2.0,2.0,0.0,2.0,,0.0,,,,,0.0,,,,,,0.0,2.0,2.0,,2.0,,0.0,0.0,0.0,,,,,,,0.0,,,,,,2.0,2.0,,,2.0,,0.0,,,,2.0,,2.0,0.0,,0.0,,0.0,0.0,2.0,2.0,,,0.0,0.0,,,,2.0,,,,,,,2.0,,,,,,,2.0,2.0,,2.0,,0.0,,,,2.0,,,2.0,2.0,,,,2.0,,,,2.0,0.0,2.0,2.0,,,,2.0,,0.0,0.0,0.0,2.0,,2.0,0.0,2.0,2.0,,2.0,,,,,,,,,,0.0,,0.0,0.0,,,,,0.0,,0.0,,,,2.0,0.0,2.0,,,,Standing desk
,,,0.0,,,,,,,,,,,,,,,,,,,,,,,,,,,,,,,0.0,,,,,,,,,,0.0,,,,,,,,,,,,,,0.0,,,,,,0.0,0.0,,,,,,,,,,,,,,,,,,,,,,,2.0,,,0.0,,,0.0,,,,,,,,,,,,,,,,0.0,,,,,,,,,,,,,,,,,,,,,,,,,,,,,,,,,,,,,,,,,,,0.0,,,,,,,,,,,,,,,,,,,,,cocodamol
0.0,,,,,,0.0,,0.0,0.0,,,,,,,,,,0.0,,,,0.0,,,,,,,,0.0,,,,,,,0.0,,0.0,,,,,,0.0,,,,,,,,0.0,,,,,0.0,0.0,,,,,,,0.0,,,,,,,,,0.0,,,,,,,,,,,,,0.0,,,,,,,,,0.0,,,0.0,,,,,,,0.0,,,,,,,0.0,,,,,,,,,,,,,,,0.0,,,,,,,,,,,,,,,0.0,,,,,0.0,,0.0,,,,,,,,,0.0,,,,0.0,,,,,,,,,Worried about stupid stuff
,,,,,,,,,,,,,,,,0.0,,,,,,,,,,,,,,,,,,,,,0.0,,,,,,,,,,,,,,,,,,,,,,,,,,,,,,,,,,,,,,,,,,,,,,0.0,,,,,,,,,,,,,,,,0.0,,,,,,,2.0,,,,,,,,,,,,,0.0,,,,,,,,,,,,,,0.0,,,,,,,,,,,,,,,,,,,,,,,,,,,0.0,,,,,,,,,,,,,,Lexapro
0.0,,,,,,0.0,,0.0,0.0,,,,,,,,,,0.0,,,,0.0,,,,,,,,0.0,,,,,,,0.0,,0.0,,,,,,0.0,,,,,,0.0,,,,,,,0.0,0.0,,,,,,,0.0,,,,,,,,,0.0,,,,,,,,,,,,,0.0,,,,,,,,,0.0,,,0.0,,,,,,,0.0,,,,,,,0.0,,,,,,,,,,,,,,,0.0,,,,,,,,,,,,,,,0.0,,,,,0.0,,0.0,,,,,,,,,0.0,,,,0.0,,,,,,,,,Stiff back and neck
,,,,,,,,,,,,,,,,,,,,,,,,0.0,,,,,,,,,,,,,,,,,,,,,0.0,,,,,,,,,,,,,,,,,,,,,,,,2.22044604925e-16,,0.0,,0.0,,,,,0.0,,,,,,,,,,,,,,,,,,,,,,0.0,,,,,,,,,,,,,,,0.0,,,,,,,,,,,,,,,,0.0,,,,,,,,,,,,,,,,,,,,2.22044604925e-16,,,,,,,,,,,,,,,,0.0,,,,,,,tired
,,0.0,,0.0,0.0,,2.0,,,,0.0,0.0,0.0,0.0,,,2.0,2.0,,,,0.0,,,2.0,2.0,0.0,2.0,,0.0,,,,,0.0,,,,,,0.0,2.0,2.0,,2.0,,0.0,0.0,0.0,0.0,,,,,,,,,,,,2.0,2.0,,,2.0,,0.0,,,,2.0,,2.0,0.0,,0.0,,0.0,0.0,2.0,2.0,,,0.0,0.0,,,,2.0,,,,,,,2.0,,,,,,,2.0,2.0,,2.0,,0.0,,,,2.0,,,2.0,2.0,,,,2.0,,,,2.0,0.0,2.0,2.0,,,,2.0,,0.0,0.0,0.0,2.0,,2.0,0.0,2.0,2.0,,2.0,,,,,,,,,,0.0,,0.0,0.0,,,,,0.0,,0.0,,,,2.0,0.0,2.0,,,,heat and humidity
,,,,,,,,,,,,,,,,,,,,,2.22044604925e-16,,,,,,,,,,,,,,,,,,,,,,,,,,,,,,,,,,,,,,,,,,,,,,,,,,,,,,,,,,,,,,,,,,,,,,,,,,,,,,,,,,,,,,,,,,,,,,,,,,,,,,,,,,,,2.22044604925e-16,,,,,,,,,,,,,,,,,,,,,,,,,,,,,1.11022302463e-16,,,,,,,,,,,,,,,,Aleve
,,,2.22044604925e-16,,,,,,,,,,,,0.0,,,,,,,,,,,,,,,,,0.0,2.0,2.22044604925e-16,,,,,,,,,,0.00244549345079,,,,,,,0.0,,,,,,,,,,,,,0.00406929877391,0.180545610195,,,,,,,,,,,,,,,,,,,,,,,2.0,,,0.26182123565,2.0,,0.00389438222419,,,,,,,,,,,,,,,,0.180545610195,0.0,,,,,,,,,,,,,,,,,,,,,,,,,,,,,,,,,,,,,,,,,,0.180545610195,,,,,,,,,,,,,,,,,,,,,Prilosec
0.0,,,,,,0.0,,0.0,0.0,,,,,,,,,,0.0,,,,0.0,,,,,,,,0.0,,,,,,,0.0,,0.0,,,,,,0.0,,,,,,0.0,,0.0,,,,,,0.0,,,,,,,0.0,,,,,,,,,0.0,,,,,,,,,,,,,0.0,,,,,,,,,0.0,,,0.0,,,,,,,0.0,,,,,,,0.0,,,,,,,,,,,,,,,0.0,,,,,,,,,,,,,,,0.0,,,,,0.0,,0.0,,,,,,,,,0.0,,,,0.0,,,,,,,,,I don't remember what I did yesterday
0.0,,,,,,0.0,,0.0,0.0,,,,,,,,,,0.0,,,,0.0,,,,,,,,0.0,,,,,,,0.0,,0.0,,,,,,0.0,,,,,,0.0,,0.0,,,,,0.0,,,,,,,,0.0,,,,,,,,,0.0,,,,,,,,,,,,,0.0,,,,,,,,,0.0,,,0.0,,,,,,,0.0,,,,,,,0.0,,,,,,,,,,,,,,,0.0,,,,,,,,,,,,,,,0.0,,,,,0.0,,0.0,,,,,,,,,0.0,,,,0.0,,,,,,,,,exhausted
,,,,,,,,,,,,,,,,,,,,,,,,,,,,,,,,,,,,,,,,,,,,,,,,,,,,,,,,,,,,,,,,,,,,,,,,,,,,,,,,,,,,,,,,,,,,,,,,,,,,,,,,,,,,,,,,,,,,,,,,,,0.0,,,,,,,,,,,,,,,,,,,,,,,,,,,,,,,,,,,,,,,,,,,,,,,,,,,,0.9% Sodium Chloride Solution 1L
,,2.0,,2.0,2.0,,0.0,,,,2.0,2.0,2.0,2.0,,,0.0,0.0,,,,2.0,,,0.0,0.0,2.0,0.0,,2.0,,,,,2.0,,,,,,2.0,0.0,0.0,,0.0,,2.0,2.0,2.0,2.0,,,,,,2.0,,,,,,,0.0,,,0.0,,2.0,,,,0.0,,0.0,2.0,,2.0,,2.0,2.0,0.0,0.0,,,2.0,2.0,,,,0.0,,,,,,,0.0,,,,,,,0.0,0.0,,0.0,,2.0,,,,0.0,,,0.0,0.0,,,,0.0,,,,0.0,2.0,0.0,0.0,,,,0.0,,2.0,2.0,2.0,0.0,,0.0,2.0,0.0,0.0,,0.0,,,,,,,,,,2.0,,2.0,2.0,,,,,2.0,,2.0,,,,0.0,2.0,0.0,,,,Day off
,,2.0,,2.0,2.0,,0.0,,,,2.0,2.0,2.0,2.0,,,0.0,0.0,,,,2.0,,,0.0,0.0,2.0,0.0,,2.0,,,,,2.0,,,,,,2.0,0.0,0.0,,0.0,,2.0,2.0,2.0,2.0,,,,,,2.0,,,,,,0.0,,,,0.0,,2.0,,,,0.0,,0.0,2.0,,2.0,,2.0,2.0,0.0,0.0,,,2.0,2.0,,,,0.0,,,,,,,0.0,,,,,,,0.0,0.0,,0.0,,2.0,,,,0.0,,,0.0,0.0,,,,0.0,,,,0.0,2.0,0.0,0.0,,,,0.0,,2.0,2.0,2.0,0.0,,0.0,2.0,0.0,0.0,,0.0,,,,,,,,,,2.0,,2.0,2.0,,,,,2.0,,2.0,,,,0.0,2.0,0.0,,,,philosophy
,,,0.00406929877391,,,,,,,,,,,,0.0,,,,,,,,,,,,,,,,,0.0,2.0,0.00406929877391,,,,,,,,,,0.0128037462307,,,,,,,0.0,,,,,,,0.00406929877391,,,,,,,0.235533336365,,,,,,,,,,,,,,,,,,,,,,,2.0,,,0.325622108705,2.0,,0.0158937421648,,,,,,,,,,,,,,,,0.235533336365,0.0,,,,,,,,,,,,,,,,,,,,,,,,,,,,,,,,,,,,,,,,,,0.235533336365,,,,,,,,,,,,,,,,,,,,,Claritin
,,,0.180545610195,,,,,,,,,,,,0.0,,,,,,,,,,,,,,,,,0.0,2.0,0.180545610195,,,,,,,,,,0.142490901448,,,,,,,0.0,,,,,,,0.180545610195,,,,,,0.235533336365,,,,,,,,,,,,,,,,,,,,,,,,2.0,,,0.00845000582134,2.0,,0.133203876824,,,0.0,,,,,,,,,,,,,0.0,0.0,,,,,,,,,2.0,,,,,,,,,,,,,,,,,,,,,,,0.0,,,,,,0.0,,,,0.0,,,,,,,,,,0.0,,,0.0,,,,,,,,Citalopram
,,2.0,,2.0,2.0,,0.0,,,,2.0,2.0,2.0,2.0,,,0.0,0.0,,,,2.0,,,0.0,0.0,2.0,0.0,,2.0,,,,,2.0,,,,,,2.0,0.0,0.0,,0.0,,2.0,2.0,2.0,2.0,,,,,,2.0,,,,,,0.0,0.0,,,,,2.0,,,,0.0,,0.0,2.0,,2.0,,2.0,2.0,0.0,0.0,,,2.0,2.0,,,,0.0,,,,,,,0.0,,,,,,,0.0,0.0,,0.0,,2.0,,,,0.0,,,0.0,0.0,,,,0.0,,,,0.0,2.0,0.0,0.0,,,,0.0,,2.0,2.0,2.0,0.0,,0.0,2.0,0.0,0.0,,0.0,,,,,,,,,,2.0,,2.0,2.0,,,,,2.0,,2.0,,,,0.0,2.0,0.0,,,,missed Vyvanse dose
0.0,,,,,,0.0,,0.0,0.0,,,,,,,,,,0.0,,,,0.0,,,,,,,,0.0,,,,,,,0.0,,0.0,,,,,,0.0,,,,,,0.0,,0.0,,,,,0.0,0.0,,,,,,,,,,,,,,,,0.0,,,,,,,,,,,,,0.0,,,,,,,,,0.0,,,0.0,,,,,,,0.0,,,,,,,0.0,,,,,,,,,,,,,,,0.0,,,,,,,,,,,,,,,0.0,,,,,0.0,,0.0,,,,,,,,,0.0,,,,0.0,,,,,,,,,ear ache
,,0.0,,0.0,0.0,,2.0,,,,0.0,0.0,0.0,0.0,,,2.0,2.0,,,,0.0,,,2.0,2.0,0.0,2.0,,0.0,,,,,0.0,,,,,,0.0,2.0,2.0,,2.0,,0.0,0.0,0.0,0.0,,,,,,0.0,,,,,,2.0,2.0,,,2.0,,,,,,2.0,,2.0,0.0,,0.0,,0.0,0.0,2.0,2.0,,,0.0,0.0,,,,2.0,,,,,,,2.0,,,,,,,2.0,2.0,,2.0,,0.0,,,,2.0,,,2.0,2.0,,,,2.0,,,,2.0,0.0,2.0,2.0,,,,2.0,,0.0,0.0,0.0,2.0,,2.0,0.0,2.0,2.0,,2.0,,,,,,,,,,0.0,,0.0,0.0,,,,,0.0,,0.0,,,,2.0,0.0,2.0,,,,excedrin migraine
,,,,,,,,,,,,,,,,,,,,,,,,0.0,,,,,,,,,,,,,,,,,,,,,0.0,,,,,,,,,,2.22044604925e-16,,,,,,,,,,,,,,,,0.0,,0.0,,,,,0.0,,,,,,,,,,,,,,,,,,,,,,0.0,,,,,,,,,,,,,,,0.0,,,,,,,,,,,,,,,,0.0,,,,,,,,,,,,,,,,,,,,2.22044604925e-16,,,,,,,,,,,,,,,,0.0,,,,,,,ate breakfast
,,,,,,,,,,,,,,,,,,,,,,,,,,,,,,,,,,,,,,,,,,,,,,,,,,,,,,,,,,,,,,,,,,,,,,,,,,,,,,,,,,,,,,,,,,,,,,,,,2.0,,,,,,,,,,,,,,,,,,,,,,,,,,,,,,,,,,,,,,,,,,,,,,2.0,,,,,,,,,,,,,,,,,,,,,,,,,,,,,,,Umeboshi
,,,,,,,,,,,,,,,,,,,,,,,,0.0,,,,,,,,,,,,,,,,,,,,,,,,,,,,,,,0.0,,,,,,,,,,,,,,0.0,,,,0.0,,,,,0.0,,,,,,,,,,,,,,,,,,,,,,0.0,,,,,,,,,,,,,,,,,,,,,,,,,,,,,,,0.0,,,,,,,,,,,,,,,,,,,,0.0,,,,,,,,,,,,,,,,0.0,,,,,,,Bad day 
,,2.0,,2.0,2.0,,0.0,,,,2.0,2.0,2.0,2.0,,,0.0,0.0,,,,2.0,,,0.0,0.0,2.0,0.0,,2.0,,,,,2.0,,,,,,2.0,0.0,0.0,,0.0,,2.0,2.0,2.0,2.0,,,,,,2.0,,,,,,0.0,0.0,,,0.0,,2.0,,,,,,0.0,2.0,,2.0,,2.0,2.0,0.0,0.0,,,2.0,2.0,,,,0.0,,,,,,,0.0,,,,,,,0.0,0.0,,0.0,,2.0,,,,0.0,,,0.0,0.0,,,,0.0,,,,0.0,2.0,0.0,0.0,,,,0.0,,2.0,2.0,2.0,0.0,,0.0,2.0,0.0,0.0,,0.0,,,,,,,,,,2.0,,2.0,2.0,,,,,2.0,,2.0,,,,0.0,2.0,0.0,,,,spending money
,,,,,,,,,,,,,,,,,,,,,,,,0.0,,,,,,,,,,,,,,,,,,,,,,,,,,,,,,,0.0,,,,,,,,,,,,,,0.0,,0.0,,,,,,,0.0,,,,,,,,,,,,,,,,,,,,,,0.0,,,,,,,,,,,,,,,,,,,,,,,,,,,,,,,0.0,,,,,,,,,,,,,,,,,,,,0.0,,,,,,,,,,,,,,,,0.0,,,,,,,Superlong nap
,,2.0,,2.0,2.0,,0.0,,,,2.0,2.0,2.0,2.0,,,0.0,0.0,,,,2.0,,,0.0,0.0,2.0,0.0,,2.0,,,,,2.0,,,,,,2.0,0.0,0.0,,0.0,,2.0,2.0,2.0,2.0,,,,,,2.0,,,,,,0.0,0.0,,,0.0,,2.0,,,,0.0,,,2.0,,2.0,,2.0,2.0,0.0,0.0,,,2.0,2.0,,,,0.0,,,,,,,0.0,,,,,,,0.0,0.0,,0.0,,2.0,,,,0.0,,,0.0,0.0,,,,0.0,,,,0.0,2.0,0.0,0.0,,,,0.0,,2.0,2.0,2.0,0.0,,0.0,2.0,0.0,0.0,,0.0,,,,,,,,,,2.0,,2.0,2.0,,,,,2.0,,2.0,,,,0.0,2.0,0.0,,,,funeral
,,0.0,,0.0,0.0,,2.0,,,,0.0,0.0,0.0,0.0,,,2.0,2.0,,,,0.0,,,2.0,2.0,0.0,2.0,,0.0,,,,,0.0,,,,,,0.0,2.0,2.0,,2.0,,0.0,0.0,0.0,0.0,,,,,,0.0,,,,,,2.0,2.0,,,2.0,,0.0,,,,2.0,,2.0,,,0.0,,0.0,0.0,2.0,2.0,,,0.0,0.0,,,,2.0,,,,,,,2.0,,,,,,,2.0,2.0,,2.0,,0.0,,,,2.0,,,2.0,2.0,,,,2.0,,,,2.0,0.0,2.0,2.0,,,,2.0,,0.0,0.0,0.0,2.0,,2.0,0.0,2.0,2.0,,2.0,,,,,,,,,,0.0,,0.0,0.0,,,,,0.0,,0.0,,,,2.0,0.0,2.0,,,,Buffered Salmon Oil - DHA - EPA
0.0,,,,,,0.0,,0.0,0.0,,,,,,,,,,0.0,,,,0.0,,,,,,,,0.0,,,,,,,0.0,,0.0,,,,,,0.0,,,,,,0.0,,0.0,,,,,0.0,0.0,,,,,,,0.0,,,,,,,,,,,,,,,,,,,,,,0.0,,,,,,,,,0.0,,,0.0,,,,,,,0.0,,,,,,,0.0,,,,,,,,,,,,,,,0.0,,,,,,,,,,,,,,,0.0,,,,,0.0,,0.0,,,,,,,,,0.0,,,,0.0,,,,,,,,,weak
,,0.0,,0.0,0.0,,2.0,,,,0.0,0.0,0.0,0.0,,,2.0,2.0,,,,0.0,,,2.0,2.0,0.0,2.0,,0.0,,,,,0.0,,,,,,0.0,2.0,2.0,,2.0,,0.0,0.0,0.0,0.0,,,,,,0.0,,,,,,2.0,2.0,,,2.0,,0.0,,,,2.0,,2.0,0.0,,,,0.0,0.0,2.0,2.0,,,0.0,0.0,,,,2.0,,,,,,,2.0,,,,,,,2.0,2.0,,2.0,,0.0,,,,2.0,,,2.0,2.0,,,,2.0,,,,2.0,0.0,2.0,2.0,,,,2.0,,0.0,0.0,0.0,2.0,,2.0,0.0,2.0,2.0,,2.0,,,,,,,,,,0.0,,0.0,0.0,,,,,0.0,,0.0,,,,2.0,0.0,2.0,,,,Recov Bipeptides
,,,,,,,,,,,,,,,,,,,,,,,,0.0,,,,,,,,,,,,,,,,,,,,,,,,,,,,,,,0.0,,,,,,,,,,,,,,0.0,,0.0,,0.0,,,,,,,,,,,,,,,,,,,,,,,,,,,0.0,,,,,,,,,,,,,,,,,,,,,,,,,,,,,,,0.0,,,,,,,,,,,,,,,,,,,,0.0,,,,,,,,,,,,,,,,0.0,,,,,,,withdrawals
,,0.0,,0.0,0.0,,2.0,,,,0.0,0.0,0.0,0.0,,,2.0,2.0,,,,0.0,,,2.0,2.0,0.0,2.0,,0.0,,,,,0.0,,,,,,0.0,2.0,2.0,,2.0,,0.0,0.0,0.0,0.0,,,,,,0.0,,,,,,2.0,2.0,,,2.0,,0.0,,,,2.0,,2.0,0.0,,0.0,,,0.0,2.0,2.0,,,0.0,0.0,,,,2.0,,,,,,,2.0,,,,,,,2.0,2.0,,2.0,,0.0,,,,2.0,,,2.0,2.0,,,,2.0,,,,2.0,0.0,2.0,2.0,,,,2.0,,0.0,0.0,0.0,2.0,,2.0,0.0,2.0,2.0,,2.0,,,,,,,,,,0.0,,0.0,0.0,,,,,0.0,,0.0,,,,2.0,0.0,2.0,,,,breathing exercises
,,0.0,,0.0,0.0,,2.0,,,,0.0,0.0,0.0,0.0,,,2.0,2.0,,,,0.0,,,2.0,2.0,0.0,2.0,,0.0,,,,,0.0,,,,,,0.0,2.0,2.0,,2.0,,0.0,0.0,0.0,0.0,,,,,,0.0,,,,,,2.0,2.0,,,2.0,,0.0,,,,2.0,,2.0,0.0,,0.0,,0.0,,2.0,2.0,,,0.0,0.0,,,,2.0,,,,,,,2.0,,,,,,,2.0,2.0,,2.0,,0.0,,,,2.0,,,2.0,2.0,,,,2.0,,,,2.0,0.0,2.0,2.0,,,,2.0,,0.0,0.0,0.0,2.0,,2.0,0.0,2.0,2.0,,2.0,,,,,,,,,,0.0,,0.0,0.0,,,,,0.0,,0.0,,,,2.0,0.0,2.0,,,,linseed
,,2.0,,2.0,2.0,,0.0,,,,2.0,2.0,2.0,2.0,,,0.0,0.0,,,,2.0,,,0.0,0.0,2.0,0.0,,2.0,,,,,2.0,,,,,,2.0,0.0,0.0,,0.0,,2.0,2.0,2.0,2.0,,,,,,2.0,,,,,,0.0,0.0,,,0.0,,2.0,,,,0.0,,0.0,2.0,,2.0,,2.0,2.0,,0.0,,,2.0,2.0,,,,0.0,,,,,,,0.0,,,,,,,0.0,0.0,,0.0,,2.0,,,,0.0,,,0.0,0.0,,,,0.0,,,,0.0,2.0,0.0,0.0,,,,0.0,,2.0,2.0,2.0,0.0,,0.0,2.0,0.0,0.0,,0.0,,,,,,,,,,2.0,,2.0,2.0,,,,,2.0,,2.0,,,,0.0,2.0,0.0,,,,cough
,,2.0,,2.0,2.0,,0.0,,,,2.0,2.0,2.0,2.0,,,0.0,0.0,,,,2.0,,,0.0,0.0,2.0,0.0,,2.0,,,,,2.0,,,,,,2.0,0.0,0.0,,0.0,,2.0,2.0,2.0,2.0,,,,,,2.0,,,,,,0.0,0.0,,,0.0,,2.0,,,,0.0,,0.0,2.0,,2.0,,2.0,2.0,0.0,,,,2.0,2.0,,,,0.0,,,,,,,0.0,,,,,,,0.0,0.0,,0.0,,2.0,,,,0.0,,,0.0,0.0,,,,0.0,,,,0.0,2.0,0.0,0.0,,,,0.0,,2.0,2.0,2.0,0.0,,0.0,2.0,0.0,0.0,,0.0,,,,,,,,,,2.0,,2.0,2.0,,,,,2.0,,2.0,,,,0.0,2.0,0.0,,,,Cold
,,,,,,,,,,,,,,,,0.0,,,,,,,,,,,,,,,,,,,,,0.0,,,,,,,,,,,,,,,,0.0,,,,,,,,,,,,,,,,,,,,,,,,,,,,,,,,,,,,,,,,,,,,,,0.0,,,,,,,2.0,,,,,,,,,,,,,0.0,,,,,,,,,,,,,,0.0,,,,,,,,,,,,,,,,,,,,,,,,,,,0.0,,,,,,,,,,,,,,Gabapentin
,,,,,,,,,,,,,,,,,,,,,,,,,,,,,,,,,,,,,,,,,,,,,,,,,,,,,,,,,,,,,,,,,,,,,,,,,,,,,,,,,,,,,,,,,,,,,,,,,,,,,,,,,,,,,,,,,,,,,,,,,,,,,,,,,,,,,,,,,,,,,,,,,,,,,,,,,,,,,,,,,,,,,,,,,,,,,,Walking
,,0.0,,0.0,0.0,,2.0,,,,0.0,0.0,0.0,0.0,,,2.0,2.0,,,,0.0,,,2.0,2.0,0.0,2.0,,0.0,,,,,0.0,,,,,,0.0,2.0,2.0,,2.0,,0.0,0.0,0.0,0.0,,,,,,0.0,,,,,,2.0,2.0,,,2.0,,0.0,,,,2.0,,2.0,0.0,,0.0,,0.0,0.0,2.0,2.0,,,,0.0,,,,2.0,,,,,,,2.0,,,,,,,2.0,2.0,,2.0,,0.0,,,,2.0,,,2.0,2.0,,,,2.0,,,,2.0,0.0,2.0,2.0,,,,2.0,,0.0,0.0,0.0,2.0,,2.0,0.0,2.0,2.0,,2.0,,,,,,,,,,0.0,,0.0,0.0,,,,,0.0,,0.0,,,,2.0,0.0,2.0,,,,Pain management
,,0.0,,0.0,0.0,,2.0,,,,0.0,0.0,0.0,0.0,,,2.0,2.0,,,,0.0,,,2.0,2.0,0.0,2.0,,0.0,,,,,0.0,,,,,,0.0,2.0,2.0,,2.0,,0.0,0.0,0.0,0.0,,,,,,0.0,,,,,,2.0,2.0,,,2.0,,0.0,,,,2.0,,2.0,0.0,,0.0,,0.0,0.0,2.0,2.0,,,0.0,,,,,2.0,,,,,,,2.0,,,,,,,2.0,2.0,,2.0,,0.0,,,,2.0,,,2.0,2.0,,,,2.0,,,,2.0,0.0,2.0,2.0,,,,2.0,,0.0,0.0,0.0,2.0,,2.0,0.0,2.0,2.0,,2.0,,,,,,,,,,0.0,,0.0,0.0,,,,,0.0,,0.0,,,,2.0,0.0,2.0,,,,Nortriptyline
,,,,,,,,,,,,,,,,,,,,,,,,,,,,,2.0,,,,,,,,,,,,,,,,,,,,,,,,,,,,,,,,,,,,,,,,,,,,,,,,,,,,,,,,,,,,,,,,,,,,,,,,,,,,,,,,,,,,,,,,,,,,,,,,,,,,,,,,,,,,,,,,,,,,,,,,,,,,,,,,,,0.0,,,,,,,,,,,,0.0,,,Cymbalta
,,,2.0,,,,,,,,,,,,,,,,,,,,,,,,,,,,,,,2.0,,,,,,,,,,2.0,,,,,,,2.0,,,,,,,2.0,,,,,,2.0,2.0,,,,,,,,,,,,,,,,,,,,,,,,,,2.0,,,2.0,,,,,,,,,,,,,,,,2.0,,,,,,,,,,,,,,,,,,,,,,,,,,,,,,,,,,,,,,,,,,,2.0,,,,,,,,,,,,,,,,,,,,,Cranberry extract
0.0,,,,,,0.0,,0.0,0.0,,,,,,,,,,0.0,,,,0.0,,,,,,,,0.0,,,,,,,0.0,,0.0,,,,,,0.0,,,,,,0.0,,0.0,,,,,0.0,0.0,,,,,,,0.0,,,,,,,,,0.0,,,,,,,,,,,,,,,,,,,,,,0.0,,,0.0,,,,,,,0.0,,,,,,,0.0,,,,,,,,,,,,,,,0.0,,,,,,,,,,,,,,,0.0,,,,,0.0,,0.0,,,,,,,,,0.0,,,,0.0,,,,,,,,,Waking up sweaty
,,2.0,,2.0,2.0,,0.0,,,,2.0,2.0,2.0,2.0,,,0.0,0.0,,,,2.0,,,0.0,0.0,2.0,0.0,,2.0,,,,,2.0,,,,,,2.0,0.0,0.0,,0.0,,2.0,2.0,2.0,2.0,,,,,,2.0,,,,,,0.0,0.0,,,0.0,,2.0,,,,0.0,,0.0,2.0,,2.0,,2.0,2.0,0.0,0.0,,,2.0,2.0,,,,,,,,,,,0.0,,,,,,,0.0,0.0,,0.0,,2.0,,,,0.0,,,0.0,0.0,,,,0.0,,,,0.0,2.0,0.0,0.0,,,,0.0,,2.0,2.0,2.0,0.0,,0.0,2.0,0.0,0.0,,0.0,,,,,,,,,,2.0,,2.0,2.0,,,,,2.0,,2.0,,,,0.0,2.0,0.0,,,,Amtiriptyline earlier
,,,0.26182123565,,,,,,,,,,,,0.0,,,,,,,,,,,,,,,,,0.0,2.0,0.26182123565,,,,,,,,,,0.216476389636,,,,,,,0.0,,,,,,,0.26182123565,,,,,,0.325622108705,0.00845000582134,,,,,,,,,,,,,,,,,,,,,,,2.0,,,,2.0,,0.205217391122,,,,,,,,,,,,,,,,0.00845000582134,0.0,,,,,,,,,,,,,,,,,,,,,,,,,,,,,,,,,,,,,,,,,,0.00845000582134,,,,,,,,,,,,,,,,,,,,,Vitamin d
,,,2.0,,,,,,,,,,,,2.0,,,,,,,,,,,,,,,,,2.0,0.0,2.0,,,,,,,,,,2.0,,,,,,,,,,,,,,2.0,,,,,,2.0,2.0,,,,,,,,,,,,,,,,,,,,,,,,,,2.0,,,2.0,,,,,,,,,,,,,,,,2.0,2.0,,,,,,,,,,,,,,,,,,,,,,,,,,,,,,,,,,,,,,,,,,2.0,,,,,,,,,,,,,,,,,,,,,Prednesone
,,,,,,,,,,,,,,,,,,,,,,,,,,,,,,,,,,,,,,,,,,,,,,,,,,,,,,,,,,,,,,,,,,,,,,,,,,,,,,,,,,,,,,,,,,,,,,,,,,,,,,,,,,,,,,,,,,,,,,,,,,,,,,,,,,,,,,,,,,,,,,,,,,,,,,,,,,,,,,,,,,,,,,,,,,,,,,Tolterodine
,,,0.00389438222419,,,,,,,,,,,,0.0,,,,,,,,,,,,,,,,,0.0,2.0,0.00389438222419,,,,,,,,,,0.000168040926835,,,,,,,0.0,,,,,,,0.00389438222419,,,,,,0.0158937421648,0.133203876824,,,,,,,,,,,,,,,,,,,,,,,2.0,,,0.205217391122,2.0,,,,,,,,,,,,,,,,,,0.133203876824,0.0,,,,,,,,,,,,,,,,,,,,,,,,,,,,,,,,,,,,,,,,,,0.133203876824,,,,,,,,,,,,,,,,,,,,,massage
,,,,,,,,,,,,,,,,,,,,,,,,,,,,,,,,,,,,,,,,,,,,,,,,,,,,,,,,,,,,,,,,,,,,,,,,,,,,,,,,,,,,,,,,,,,,,,,,,,,,,,,,,,,,,,,,,,,,,,,,,,,,,,,,,,,,,,,,,,,,,,,,,,,,,,,,,,,,,,,,,,,,,,,,,,,,,,Lamictal
,,,,,,,,,,,,,,,,,,,,,,,,,,,,,,,,,,,,,,,,,,,,,,,,,,,,,,,,,,,,,,,,,,,,,,,,,,,,,,,,,,,,,,,,,,,,,,,,,,,,,,,,,,,,,,,,,,,,,,,,,,,,,,,,,,,,,,,,,,,,,,,,,,,,,,,,,,,,,,,,,,,,,,,,,,,,,,Diazepam
,,2.0,,2.0,2.0,,0.0,,,,2.0,2.0,2.0,2.0,,,0.0,0.0,,,,2.0,,,0.0,0.0,2.0,0.0,,2.0,,,,,2.0,,,,,,2.0,0.0,0.0,,0.0,,2.0,2.0,2.0,2.0,,,,,,2.0,,,,,,0.0,0.0,,0.0,0.0,,2.0,,2.0,,0.0,,0.0,2.0,,2.0,,2.0,2.0,0.0,0.0,,,2.0,2.0,,,,0.0,,,,,,,,,,,,,,0.0,0.0,,0.0,,2.0,,,,0.0,,,0.0,0.0,,,2.0,0.0,,,,0.0,2.0,0.0,0.0,,,,0.0,,2.0,2.0,2.0,0.0,,0.0,2.0,0.0,0.0,2.22044604925e-16,0.0,,,,,0.0,,,,,2.0,,2.0,2.0,,,,,2.0,0.0,2.0,,0.0,,0.0,2.0,0.0,,,,Yoga
0.0,,,,,,0.0,,0.0,0.0,,,,,,,,,,0.0,,,,0.0,,,,,,,,0.0,,,,,,,0.0,,0.0,,,,,,0.0,,,,,,0.0,,0.0,,,,,0.0,0.0,,,,,,,0.0,,,,,,,,,0.0,,,,,,,,,,,,,0.0,,,,,,,,,,,,0.0,,,,,,,0.0,,,,,,,0.0,,,,,,,,,,,,,,,0.0,,,,,,,,,,,,,,,0.0,,,,,0.0,,0.0,,,,,,,,,0.0,,,,0.0,,,,,,,,,unrefreshing sleep
,,,,,,,,,,,,,,,,0.0,,,,,,,,,,,,,,,,,,,,,0.0,,,,,,,,,,,,,,,,0.0,,,,,,,,,,,,,,,,,,,,,,,,,,,,,,0.0,,,,,,,,,,,,,,,,,,,,,,,2.0,,,,,,,,,,,,,0.0,,,,,,,,,,,,,,0.0,,,,,,,,,,,,,,,,,,,,,,,,,,,0.0,,,,,,,,,,,,,,L-methylfolate
,,,,,,,,,,,,,,,,,,,,,,,,0.0,,,,,,,,,,,,,,,,,,,,,,,,,,,,,,,0.0,,,,,,,,,,,,,,0.0,,0.0,,0.0,,,,,0.0,,,,,,,,,,,,,,,,,,,,,,,,,,,,,,,,,,,,,,,,,,,,,,,,,,,,,0.0,,,,,,,,,,,,,,,,,,,,0.0,,,,,,,,,,,,,,,,0.0,,,,,,,period
0.0,,,,,,0.0,,0.0,0.0,,,,,,,,,,0.0,,,,0.0,,,,,,,,0.0,,,,,,,0.0,,0.0,,,,,,0.0,,,,,,0.0,,0.0,,,,,0.0,0.0,,,,,,,0.0,,,,,,,,,0.0,,,,,,,,,,,,,0.0,,,,,,,,,0.0,,,,,,,,,,0.0,,,,,,,0.0,,,,,,,,,,,,,,,0.0,,,,,,,,,,,,,,,0.0,,,,,0.0,,0.0,,,,,,,,,0.0,,,,0.0,,,,,,,,,down
,,,,,,,,,,,,,,,,,,,,,,,,,,,,,,,,,,,,,,,,,,,,,,,,,,,,,,,,,,,,,,,,,,,,,,,,,,,,,,,,,,,,,,,,,,,,,,,,,,,,,,,,,,,,,,,,,,,,,,,,,,,,,,,,,,,,,,,,,,,,,,,,,,,,,,,,,,,,,,,,,,,,,,,,,,,,0.0,,Omeprazole
,,,,,,,,,,,,,,,,,,,,,,,,,,,,,,,,,,,,,,,,,,,,,,,,,,,,,,,,,,,,,,,,,,,,,,,,,,,,,,,,,,,,,,,,,,,,,,,,,,,,,,,,,,,,,,,,,,,,,,,,,,,,,,,,,,,,,,,,,,,,,,,,,,,,,,,,,,,,,,,,,,,,,,,,,,,,,,Levothyroxine
,,2.0,,2.0,2.0,,0.0,,,,2.0,2.0,2.0,2.0,,,0.0,0.0,,,,2.0,,,0.0,0.0,2.0,0.0,,2.0,,,,,2.0,,,,,,2.0,0.0,0.0,,0.0,,2.0,2.0,2.0,2.0,,,,,,2.0,,,,,,0.0,0.0,,,0.0,,2.0,,,,0.0,,0.0,2.0,,2.0,,2.0,2.0,0.0,0.0,,,2.0,2.0,,,,0.0,,,,,,,0.0,,,,,,,,0.0,,0.0,,2.0,,,,0.0,,,0.0,0.0,,,,0.0,,,,0.0,2.0,0.0,0.0,,,,0.0,,2.0,2.0,2.0,0.0,,0.0,2.0,0.0,0.0,,0.0,,,,,,,,,,2.0,,2.0,2.0,,,,,2.0,,2.0,,,,0.0,2.0,0.0,,,,vascular consultant
,,2.0,,2.0,2.0,,0.0,,,,2.0,2.0,2.0,2.0,,,0.0,0.0,,,,2.0,,,0.0,0.0,2.0,0.0,,2.0,,,,,2.0,,,,,,2.0,0.0,0.0,,0.0,,2.0,2.0,2.0,2.0,,,,,,2.0,,,,,,0.0,0.0,,,0.0,,2.0,,,,0.0,,0.0,2.0,,2.0,,2.0,2.0,0.0,0.0,,,2.0,2.0,,,,0.0,,,,,,,0.0,,,,,,,0.0,,,0.0,,2.0,,,,0.0,,,0.0,0.0,,,,0.0,,,,0.0,2.0,0.0,0.0,,,,0.0,,2.0,2.0,2.0,0.0,,0.0,2.0,0.0,0.0,,0.0,,,,,,,,,,2.0,,2.0,2.0,,,,,2.0,,2.0,,,,0.0,2.0,0.0,,,,received the blame from a man
,,,,,,,,,,,,,,,,2.0,,,,,,,,,,,,,,,,,,,,,2.0,,,,,,,,,,,,,,,,2.0,,,,,,,,,,,,,,,,,,,,,,,,,,,,,,2.0,,,,,,,,,,,,,,,,2.0,,,,,,,,,,,,,,,,,,,,2.0,,,,,,,,,,,,,,2.0,,,,,,,,,,,,,,,,,,,,,,,,,,,2.0,,,,,,,,,,,,,,sugar free diet
,,2.0,,2.0,2.0,,0.0,,,,2.0,2.0,2.0,2.0,,,0.0,0.0,,,,2.0,,,0.0,0.0,2.0,0.0,,2.0,,,,,2.0,,,,,,2.0,0.0,0.0,,0.0,,2.0,2.0,2.0,2.0,,,,,,2.0,,,,,,0.0,0.0,,,0.0,,2.0,,,,0.0,,0.0,2.0,,2.0,,2.0,2.0,0.0,0.0,,,2.0,2.0,,,,0.0,,,,,,,0.0,,,,,,,0.0,0.0,,,,2.0,,,,0.0,,,0.0,0.0,,,,0.0,,,,0.0,2.0,0.0,0.0,,,,0.0,,2.0,2.0,2.0,0.0,,0.0,2.0,0.0,0.0,,0.0,,,,,,,,,,2.0,,2.0,2.0,,,,,2.0,,2.0,,,,0.0,2.0,0.0,,,,fearing self sabotage
0.0,,,,,,0.0,,0.0,0.0,,,,,,,,,,0.0,,,,0.0,,,,,,,,0.0,,,,,,,0.0,,0.0,,,,,,0.0,,,,,,0.0,,0.0,,,,,0.0,0.0,,,,,,,0.0,,,,,,,,,0.0,,,,,,,,,,,,,0.0,,,,,,,,,0.0,,,0.0,,,,,,,,,,,,,,0.0,,,,,,,,,,,,,,,0.0,,,,,,,,,,,,,,,0.0,,,,,0.0,,0.0,,,,,,,,,0.0,,,,0.0,,,,,,,,,Anxiety about cleaning house
,,0.0,,0.0,0.0,,2.0,,,,0.0,0.0,0.0,0.0,,,2.0,2.0,,,,0.0,,,2.0,2.0,0.0,2.0,,0.0,,,,,0.0,,,,,,0.0,2.0,2.0,,2.0,,0.0,0.0,0.0,0.0,,,,,,0.0,,,,,,2.0,2.0,,,2.0,,0.0,,,,2.0,,2.0,0.0,,0.0,,0.0,0.0,2.0,2.0,,,0.0,0.0,,,,2.0,,,,,,,2.0,,,,,,,2.0,2.0,,2.0,,,,,,2.0,,,2.0,2.0,,,,2.0,,,,2.0,0.0,2.0,2.0,,,,2.0,,0.0,0.0,0.0,2.0,,2.0,0.0,2.0,2.0,,2.0,,,,,,,,,,0.0,,0.0,0.0,,,,,0.0,,0.0,,,,2.0,0.0,2.0,,,,Physio
,,,0.180545610195,,,,,,,,,,,,0.0,,,,,,,,,,,,,,,,,0.0,2.0,0.180545610195,,,,,,,,,,0.142490901448,,,,,,,0.0,,,,,,,0.180545610195,,,,,,0.235533336365,0.0,,,,,,,,,,,,,,,,,,,,,,,2.0,,,0.00845000582134,2.0,,0.133203876824,,,,,,,,,,,,,,,,,0.0,,,,,,,,,,,,,,,,,,,,,,,,,,,,,,,,,,,,,,,,,,0.0,,,,,,,,,,,,,,,,,,,,,Topiramate
,,,0.0,,,,,,,,,,,,0.0,,,,,,,,,,,,,,,,,0.0,2.0,0.0,,,,,,,,,,0.0,,,,,,,,,,,,,,0.0,,,,,,0.0,0.0,,,,,,,,,,,,,,,,,,,,,,,,,,0.0,2.0,,0.0,,,,,,,,,,,,,,,,0.0,,,,,,,,,,,,,,,,,,,,,,,,,,,,,,,,,,,,,,,,,,,0.0,,,,,,,,,,,,,,,,,,,,,Citrucel
,,,,,,,,,,,,,,,,,,,,,,,,,,,,,,,,,,,,,,,,,,,,,,,,,,,,,,,,,,,,,,,,,,,,,,,,,,,,,,,,,,,,,,,,,,,,,,,,,,,,,,,,,,,,,,,,,,,,,,,,,,,,,,,,,,,,,,,,,,,,,,,,,,,,,,,,,,,0.0,,,,,,,,,,,,,,,,,,,Valium
,,2.0,,2.0,2.0,,0.0,,,,2.0,2.0,2.0,2.0,,,0.0,0.0,,,,2.0,,,0.0,0.0,2.0,0.0,,2.0,,,,,2.0,,,,,,2.0,0.0,0.0,,0.0,,2.0,2.0,2.0,2.0,,,,,,2.0,,,,,,0.0,0.0,,,0.0,,2.0,,,,0.0,,0.0,2.0,,2.0,,2.0,2.0,0.0,0.0,,,2.0,2.0,,,,0.0,,,,,,,0.0,,,,,,,0.0,0.0,,0.0,,2.0,,,,,,,0.0,0.0,,,,0.0,,,,0.0,2.0,0.0,0.0,,,,0.0,,2.0,2.0,2.0,0.0,,0.0,2.0,0.0,0.0,,0.0,,,,,,,,,,2.0,,2.0,2.0,,,,,2.0,,2.0,,,,0.0,2.0,0.0,,,,rest day
,,,,,,,,,,,,,,,,,,,,,,,,,,,,,,,,,,,,,,,,,,,,,,,,,,,,,,,,,,,,,,,,,,,,,,,,,,,,,,,,,,,,,,,,,,,,,,,,,,,,,,,,,,,,,,,,,,,,,,,,,,,,,,,,,,,,,,,,,,,,,,,,,,,,,,,,,,,,,,,,,,,,,,,,,,,,,,Enbrel
0.0,,,,,,0.0,,0.0,0.0,,,,,,,,,,0.0,,,,0.0,,,,,,,,0.0,,,,,,,0.0,,0.0,,,,,0.0,0.0,,,,,,0.0,,0.0,0.0,,,,0.0,0.0,,,,,,,0.0,,0.0,,,,,,,0.0,,,,,,,,,,,,,0.0,,,,,,,,,0.0,,,0.0,,,,,,,0.0,,,,,,,,,,,,,,,,,,,,,,0.0,,,,,,,,,,,,,,,0.0,,,,,0.0,0.0,0.0,,,,,,,,,0.0,,,,0.0,,,,,,,,,Didn't sleep well
,,2.0,,2.0,2.0,,0.0,,,,2.0,2.0,2.0,2.0,,,0.0,0.0,,,,2.0,,,0.0,0.0,2.0,0.0,,2.0,,,,,2.0,,,,,,2.0,0.0,0.0,,0.0,,2.0,2.0,2.0,2.0,,,,,,2.0,,,,,,0.0,0.0,,,0.0,,2.0,,,,0.0,,0.0,2.0,,2.0,,2.0,2.0,0.0,0.0,,,2.0,2.0,,,,0.0,,,,,,,0.0,,,,,,,0.0,0.0,,0.0,,2.0,,,,0.0,,,,0.0,,,,0.0,,,,0.0,2.0,0.0,0.0,,,,0.0,,2.0,2.0,2.0,0.0,,0.0,2.0,0.0,0.0,,0.0,,,,,,,,,,2.0,,2.0,2.0,,,,,2.0,,2.0,,,,0.0,2.0,0.0,,,,Headspace
,,2.0,,2.0,2.0,,0.0,,,,2.0,2.0,2.0,2.0,,,0.0,0.0,,,,2.0,,,0.0,0.0,2.0,0.0,,2.0,,,,,2.0,,,,,,2.0,0.0,0.0,,0.0,,2.0,2.0,2.0,2.0,,,,,,2.0,,,,,,0.0,0.0,,,0.0,,2.0,,,,0.0,,0.0,2.0,,2.0,,2.0,2.0,0.0,0.0,,,2.0,2.0,,,,0.0,,,,,,,0.0,,,,,,,0.0,0.0,,0.0,,2.0,,,,0.0,,,0.0,,,,,0.0,,,,0.0,2.0,0.0,0.0,,,,0.0,,2.0,2.0,2.0,0.0,,0.0,2.0,0.0,0.0,,0.0,,,,,,,,,,2.0,,2.0,2.0,,,,,2.0,,2.0,,,,0.0,2.0,0.0,,,,day off
,,,,,,,,,,,,,,,,,,,,,,,,,,,,,,,,,,,,,,,,,,,,,,,,,,,,,,,,,,,,,,,,,,,,,,,,,,,,,,,,,,,,,,,,,,,,,,,,,,,,,,,,,,,,,,,,,,,,,,,,,,,,,,,,,,,,,,,,,,,,,,,,,,,,,,,,,,,,,,,,,,,,,,,,,,,,,,Glucosamine
,,,,,,,,,,,,,,,,0.0,,,,,,,,,,,,,,,,,,,,,0.0,,,,,,,,,,,,,,,,0.0,,,,,,,,,,,,,,,,,,,,,,,,,,,,,,0.0,,,,,,,,,,,,,,,,0.0,,,,,,,2.0,,,,,,,,,,,,,,,,,,,,,,,,,,,0.0,,,,,,,,,,,,,,,,,,,,,,,,,,,0.0,,,,,,,,,,,,,,Multivitamin
,,,,,,,,,,,,,,,,,,,,,,,,,,,,,,,,,,,,,,,,,,,,,,,,,,,,,,,,,,,,,,,,,2.0,,,,,,,,,,,,,,,,,,,,,,,,,,,,,,,,2.0,,,,,,,,,,,,,,,,,,,,,,,,,,,,,,,,,,,,,,,,,,,,,,2.0,,,,,,2.0,,,,,,,,,,,,,,2.0,,,2.0,,,,,,,,Kuzu
,,2.0,,2.0,2.0,,0.0,,,,2.0,2.0,2.0,2.0,,,0.0,0.0,,,,2.0,,,0.0,0.0,2.0,0.0,,2.0,,,,,2.0,,,,,,2.0,0.0,0.0,,0.0,,2.0,2.0,2.0,2.0,,,,,,2.0,,,,,,0.0,0.0,,,0.0,,2.0,,,,0.0,,0.0,2.0,,2.0,,2.0,2.0,0.0,0.0,,,2.0,2.0,,,,0.0,,,,,,,0.0,,,,,,,0.0,0.0,,0.0,,2.0,,,,0.0,,,0.0,0.0,,,,,,,,0.0,2.0,0.0,0.0,,,,0.0,,2.0,2.0,2.0,0.0,,0.0,2.0,0.0,0.0,,0.0,,,,,,,,,,2.0,,2.0,2.0,,,,,2.0,,2.0,,,,0.0,2.0,0.0,,,,Noritriptyline
,,,,,,,,,,,,,,,,,,,,,,,,,,,,,,,,,,,,,,,,,,,,,,,,,,,,,,,,,,,,,0.0,,,,,,,,,,,,,,,,,,,,,,,,,,,,,,,,,,,,,,,,,,,,,,,,,,,,,,,,,,,,,,,,,,,,,,,,,,,,,,,,,,,,,,,,,,,,,,,,,,,,,,,,,,,,,,,,,Ibuprofen
,,,,,,,,,,,,,,,,,,,,,,,,,,,,,,,,,,,,,,,,,,,,,,,,,,,,,,,,,,,,,,,,,,,,,,,,,,,,,,,,,,,,,,,,,,,,,,,,,,,,,,,,,,,,,,,,,,,,,,,,,,,,,,,,,,,,,,,,,,,,,,,,,,,,,,,,,,,,,,,,,,,,,,,,,,,,,,Meditation
,,,,,,,,,,,,,,,,,,,,,,,,,,,,,,,,,,,,,,,,,,,,,,,,,,,,,,,,,,,,,,,,,,,,,,,,,,,,,,,,,,,,,,,,,,,,,,,,,,,,,,,,,,,,,,,,,,,,,,,,,,,,,,,,,,,,,,,,,,,,,,,,,,,,,,,,,,,,,,,,,,,,,,,,,,,,,,Triamcinolone
,,2.0,,2.0,2.0,,0.0,,,,2.0,2.0,2.0,2.0,,,0.0,0.0,,,,2.0,,,0.0,0.0,2.0,0.0,,2.0,,,,,2.0,,,,,,2.0,0.0,0.0,,0.0,,2.0,2.0,2.0,2.0,,,,,,2.0,,,,,,0.0,0.0,,,0.0,,2.0,,,,0.0,,0.0,2.0,,2.0,,2.0,2.0,0.0,0.0,,,2.0,2.0,,,,0.0,,,,,,,0.0,,,,,,,0.0,0.0,,0.0,,2.0,,,,0.0,,,0.0,0.0,,,,0.0,,,,,2.0,0.0,0.0,,,,0.0,,2.0,2.0,2.0,0.0,,0.0,2.0,0.0,0.0,,0.0,,,,,,,,,,2.0,,2.0,2.0,,,,,2.0,,2.0,,,,0.0,2.0,0.0,,,,bike accident
,,0.0,,0.0,0.0,,2.0,,,,0.0,0.0,0.0,0.0,,,2.0,2.0,,,,0.0,,,2.0,2.0,0.0,2.0,,0.0,,,,,0.0,,,,,,0.0,2.0,2.0,,2.0,,0.0,0.0,0.0,0.0,,,,,,0.0,,,,,,2.0,2.0,,,2.0,,0.0,,,,2.0,,2.0,0.0,,0.0,,0.0,0.0,2.0,2.0,,,0.0,0.0,,,,2.0,,,,,,,2.0,,,,,,,2.0,2.0,,2.0,,0.0,,,,2.0,,,2.0,2.0,,,,2.0,,,,2.0,,2.0,2.0,,,,2.0,,0.0,0.0,0.0,2.0,,2.0,0.0,2.0,2.0,,2.0,,,,,,,,,,0.0,,0.0,0.0,,,,,0.0,,0.0,,,,2.0,0.0,2.0,,,,thought about self injury
,,2.0,,2.0,2.0,,0.0,,,,2.0,2.0,2.0,2.0,,,0.0,0.0,,,,2.0,,,0.0,0.0,2.0,0.0,,2.0,,,,,2.0,,,,,,2.0,0.0,0.0,,0.0,,2.0,2.0,2.0,2.0,,,,,,2.0,,,,,,0.0,0.0,,,0.0,,2.0,,,,0.0,,0.0,2.0,,2.0,,2.0,2.0,0.0,0.0,,,2.0,2.0,,,,0.0,,,,,,,0.0,,,,,,,0.0,0.0,,0.0,,2.0,,,,0.0,,,0.0,0.0,,,,0.0,,,,0.0,2.0,,0.0,,,,0.0,,2.0,2.0,2.0,0.0,,0.0,2.0,0.0,0.0,,0.0,,,,,,,,,,2.0,,2.0,2.0,,,,,2.0,,2.0,,,,0.0,2.0,0.0,,,,left the house
,,2.0,,2.0,2.0,,0.0,,,,2.0,2.0,2.0,2.0,,,0.0,0.0,,,,2.0,,,0.0,0.0,2.0,0.0,,2.0,,,,,2.0,,,,,,2.0,0.0,0.0,,0.0,,2.0,2.0,2.0,2.0,,,,,,2.0,,,,,,0.0,0.0,,,0.0,,2.0,,,,0.0,,0.0,2.0,,2.0,,2.0,2.0,0.0,0.0,,,2.0,2.0,,,,0.0,,,,,,,0.0,,,,,,,0.0,0.0,,0.0,,2.0,,,,0.0,,,0.0,0.0,,,,0.0,,,,0.0,2.0,0.0,,,,,0.0,,2.0,2.0,2.0,0.0,,0.0,2.0,0.0,0.0,,0.0,,,,,,,,,,2.0,,2.0,2.0,,,,,2.0,,2.0,,,,0.0,2.0,0.0,,,,flu jab
,,,,,,,,,,,,,,,,,,,,,2.22044604925e-16,,,,,,,,,,,,,,,,,,,,,,,,,,,,,,,,,,,,2.22044604925e-16,,,,,,,,,,,,,,,,,,,,,,,,,,,,,,,,,,,,,,,,,,,,,,,,,,,,,,,,,,,,,,,,,,,,,,,,,,,,,,,,,,,,,,,,,,,,,,,,,,,,,0.0,,,,,,,,,,,,,,,,Provigil
0.0,,,,,,0.0,,0.0,0.0,,,,,,,,,,0.0,,,,0.0,,,,,,,,0.0,,,,,,,0.0,,0.0,,,,,,0.0,,,,,,0.0,,0.0,,,,,0.0,0.0,,,,,,,0.0,,,,,,,,,0.0,,,,,,,,,,,,,0.0,,,,,,,,,0.0,,,0.0,,,,,,,0.0,,,,,,,0.0,,,,,,,,,,,,,,,,,,,,,,,,,,,,,,0.0,,,,,0.0,,0.0,,,,,,,,,0.0,,,,0.0,,,,,,,,,Feel Shakey
,,,,,,,,,,,,,,,,,,,,,,,,0.0,,,,,,,,,,,,,,,,,,,,,,,,,,,,,,,0.0,,,,,,,,,,,,,,0.0,,0.0,,0.0,,,,,0.0,,,,,,,,,,,,,,,,,,,,,,0.0,,,,,,,,,,,,,,,,,,,,,,,,,,,,,,,,,,,,,,,,,,,,,,,,,,,0.0,,,,,,,,,,,,,,,,0.0,,,,,,,dozed
,,2.0,,2.0,2.0,,0.0,,,,2.0,2.0,2.0,2.0,,,0.0,0.0,,,,2.0,,,0.0,0.0,2.0,0.0,,2.0,,,,,2.0,,,,,,2.0,0.0,0.0,,0.0,,2.0,2.0,2.0,2.0,,,,,,2.0,,,,,,0.0,0.0,,,0.0,,2.0,,,,0.0,,0.0,2.0,,2.0,,2.0,2.0,0.0,0.0,,,2.0,2.0,,,,0.0,,,,,,,0.0,,,,,,,0.0,0.0,,0.0,,2.0,,,,0.0,,,0.0,0.0,,,,0.0,,,,0.0,2.0,0.0,0.0,,,,,,2.0,2.0,2.0,0.0,,0.0,2.0,0.0,0.0,,0.0,,,,,,,,,,2.0,,2.0,2.0,,,,,2.0,,2.0,,,,0.0,2.0,0.0,,,,drank alcohol
,,,,,,,,,,,,,,,,0.0,,,,,,,,,,,,,,,,,,,,,0.0,,,,,,,,,,,,,,,,0.0,,,,,,,,,,,,,,,,,,,,,,,,,,,,,,0.0,,,,,,,,,,,,,,,,0.0,,,,,,,2.0,,,,,,,,,,,,,0.0,,,,,,,,,,,,,,,,,,,,,,,,,,,,,,,,,,,,,,,,,0.0,,,,,,,,,,,,,,birth control
,,0.0,,0.0,0.0,,2.0,,,,0.0,0.0,0.0,0.0,,,2.0,2.0,,,,0.0,,,2.0,2.0,0.0,2.0,,0.0,,,,,0.0,,,,,,0.0,2.0,2.0,,2.0,,0.0,0.0,0.0,0.0,,,,,,0.0,,,,,,2.0,2.0,,,2.0,,0.0,,,,2.0,,2.0,0.0,,0.0,,0.0,0.0,2.0,2.0,,,0.0,0.0,,,,2.0,,,,,,,2.0,,,,,,,2.0,2.0,,2.0,,0.0,,,,2.0,,,2.0,2.0,,,,2.0,,,,2.0,0.0,2.0,2.0,,,,2.0,,,0.0,0.0,2.0,,2.0,0.0,2.0,2.0,,2.0,,,,,,,,,,0.0,,0.0,0.0,,,,,0.0,,0.0,,,,2.0,0.0,2.0,,,,Went out
,,0.0,,0.0,0.0,,2.0,,,,0.0,0.0,0.0,0.0,,,2.0,2.0,,,,0.0,,,2.0,2.0,0.0,2.0,,0.0,,,,,0.0,,,,,,0.0,2.0,2.0,,2.0,,0.0,0.0,0.0,0.0,,,,,,0.0,,,,,,2.0,2.0,,,2.0,,0.0,,,,2.0,,2.0,0.0,,0.0,,0.0,0.0,2.0,2.0,,,0.0,0.0,,,,2.0,,,,,,,2.0,,,,,,,2.0,2.0,,2.0,,0.0,,,,2.0,,,2.0,2.0,,,,2.0,,,,2.0,0.0,2.0,2.0,,,,2.0,,0.0,,0.0,2.0,,2.0,0.0,2.0,2.0,,2.0,,,,,,,,,,0.0,,0.0,0.0,,,,,0.0,,0.0,,,,2.0,0.0,2.0,,,,yoga
,,0.0,,0.0,0.0,,2.0,,,,0.0,0.0,0.0,0.0,,,2.0,2.0,,,,0.0,,,2.0,2.0,0.0,2.0,,0.0,,,,,0.0,,,,,,0.0,2.0,2.0,,2.0,,0.0,0.0,0.0,0.0,,,,,,0.0,,,,,,2.0,2.0,,,2.0,,0.0,,,,2.0,,2.0,0.0,,0.0,,0.0,0.0,2.0,2.0,,,0.0,0.0,,,,2.0,,,,,,,2.0,,,,,,,2.0,2.0,,2.0,,0.0,,,,2.0,,,2.0,2.0,,,,2.0,,,,2.0,0.0,2.0,2.0,,,,2.0,,0.0,0.0,,2.0,,2.0,0.0,2.0,2.0,,2.0,,,,,,,,,,0.0,,0.0,0.0,,,,,0.0,,0.0,,,,2.0,0.0,2.0,,,,Rowing machine
,,2.0,,2.0,2.0,,0.0,,,,2.0,2.0,2.0,2.0,,,0.0,0.0,,,,2.0,,,0.0,0.0,2.0,0.0,,2.0,,,,,2.0,,,,,,2.0,0.0,0.0,,0.0,,2.0,2.0,2.0,2.0,,,,,,2.0,,,,,,0.0,0.0,,,0.0,,2.0,,,,0.0,,0.0,2.0,,2.0,,2.0,2.0,0.0,0.0,,,2.0,2.0,,,,0.0,,,,,,,0.0,,,,,,,0.0,0.0,,0.0,,2.0,,,,0.0,,,0.0,0.0,,,,0.0,,,,0.0,2.0,0.0,0.0,,,,0.0,,2.0,2.0,2.0,,,0.0,2.0,0.0,0.0,,0.0,,,,,,,,,,2.0,,2.0,2.0,,,,,2.0,,2.0,,,,0.0,2.0,0.0,,,,doctor
,,,,,,,,,,,,,,,,,,,,,,,,,,,,,,,,,,,,,,,,,,,,,,,,,,,,,,,,,,,,,,,,,,,,,,,,,,,,,,,,,,,,,,,,,,,,,,,,,,,,,,,,,,,,,,,,,,,,,,,,,,,,,,,,,,,,,,,,,,,,,,,,,,,,,,,,,,,,,,,,,,,,,,,,,,,,,,Klonopin
,,2.0,,2.0,2.0,,0.0,,,,2.0,2.0,2.0,2.0,,,0.0,0.0,,,,2.0,,,0.0,0.0,2.0,0.0,,2.0,,,,,2.0,,,,,,2.0,0.0,0.0,,0.0,,2.0,2.0,2.0,2.0,,,,,,2.0,,,,,,0.0,0.0,,,0.0,,2.0,,,,0.0,,0.0,2.0,,2.0,,2.0,2.0,0.0,0.0,,,2.0,2.0,,,,0.0,,,,,,,0.0,,,,,,,0.0,0.0,,0.0,,2.0,,,,0.0,,,0.0,0.0,,,,0.0,,,,0.0,2.0,0.0,0.0,,,,0.0,,2.0,2.0,2.0,0.0,,,2.0,0.0,0.0,,0.0,,,,,,,,,,2.0,,2.0,2.0,,,,,2.0,,2.0,,,,0.0,2.0,0.0,,,,Funeral
,,0.0,,0.0,0.0,,2.0,,,,0.0,0.0,0.0,0.0,,,2.0,2.0,,,,0.0,,,2.0,2.0,0.0,2.0,,0.0,,,,,0.0,,,,,,0.0,2.0,2.0,,2.0,,0.0,0.0,0.0,0.0,,,,,,0.0,,,,,,2.0,2.0,,,2.0,,0.0,,,,2.0,,2.0,0.0,,0.0,,0.0,0.0,2.0,2.0,,,0.0,0.0,,,,2.0,,,,,,,2.0,,,,,,,2.0,2.0,,2.0,,0.0,,,,2.0,,,2.0,2.0,,,,2.0,,,,2.0,0.0,2.0,2.0,,,,2.0,,0.0,0.0,0.0,2.0,,2.0,,2.0,2.0,,2.0,,,,,,,,,,0.0,,0.0,0.0,,,,,0.0,,0.0,,,,2.0,0.0,2.0,,,,vomiting
,,2.0,,2.0,2.0,,0.0,,,,2.0,2.0,2.0,2.0,,,0.0,0.0,,,,2.0,,,0.0,0.0,2.0,0.0,,2.0,,,,,2.0,,,,,,2.0,0.0,0.0,,0.0,,2.0,2.0,2.0,2.0,,,,,,2.0,,,,,,0.0,0.0,,,0.0,,2.0,,,,0.0,,0.0,2.0,,2.0,,2.0,2.0,0.0,0.0,,,2.0,2.0,,,,0.0,,,,,,,0.0,,,,,,,0.0,0.0,,0.0,,2.0,,,,0.0,,,0.0,0.0,,,,0.0,,,,0.0,2.0,0.0,0.0,,,,0.0,,2.0,2.0,2.0,0.0,,0.0,2.0,,0.0,,0.0,,,,,,,,,,2.0,,2.0,2.0,,,,,2.0,,2.0,,,,0.0,2.0,0.0,,,,left leg pain
,,2.0,,2.0,2.0,,0.0,,,,2.0,2.0,2.0,2.0,,,0.0,0.0,,,,2.0,,,0.0,0.0,2.0,0.0,,2.0,,,,,2.0,,,,,,2.0,0.0,0.0,,0.0,,2.0,2.0,2.0,2.0,,,,,,2.0,,,,,,0.0,0.0,,,0.0,,2.0,,,,0.0,,0.0,2.0,,2.0,,2.0,2.0,0.0,0.0,,,2.0,2.0,,,,0.0,,,,,,,0.0,,,,,,,0.0,0.0,,0.0,,2.0,,,,0.0,,,0.0,0.0,,,,0.0,,,,0.0,2.0,0.0,0.0,,,,0.0,,2.0,2.0,2.0,0.0,,0.0,2.0,0.0,,,0.0,,,,,,,,,,2.0,,2.0,2.0,,,,,2.0,,2.0,,,,0.0,2.0,0.0,,,,cosmetic mole removal
,,,,,,,,,,,,,,,,,,,,,,,,,,,,,,,,,,,,,,,,,,,,,,,,,,,,,,,,,,,,,,,,,0.0,,,,,2.0,,,,,,,,,,,,,,,,,,,,,,,,,,,2.22044604925e-16,,,,,,,,,,,,,,,,,,,,,,,2.0,,,,,,,,,,,,,,,,,,,,,,,,,,,,,0.0,,,,,,,,,,,,,,0.0,,,0.0,,,,,,,,Daily walk
,,2.0,,2.0,2.0,,0.0,,,,2.0,2.0,2.0,2.0,,,0.0,0.0,,,,2.0,,,0.0,0.0,2.0,0.0,,2.0,,,,,2.0,,,,,,2.0,0.0,0.0,,0.0,,2.0,2.0,2.0,2.0,,,,,,2.0,,,,,,0.0,0.0,,,0.0,,2.0,,,,0.0,,0.0,2.0,,2.0,,2.0,2.0,0.0,0.0,,,2.0,2.0,,,,0.0,,,,,,,0.0,,,,,,,0.0,0.0,,0.0,,2.0,,,,0.0,,,0.0,0.0,,,,0.0,,,,0.0,2.0,0.0,0.0,,,,0.0,,2.0,2.0,2.0,0.0,,0.0,2.0,0.0,0.0,,,,,,,,,,,,2.0,,2.0,2.0,,,,,2.0,,2.0,,,,0.0,2.0,0.0,,,,couldn't focus
0.0,,,,,,0.0,,0.0,0.0,,,,,,,,,,0.0,,,,0.0,,,,,,,,0.0,,,,,,,0.0,,0.0,,,,,,0.0,,,,,,0.0,,0.0,,,,,0.0,0.0,,,,,,,0.0,,,,,,,,,0.0,,,,,,,,,,,,,0.0,,,,,,,,,0.0,,,0.0,,,,,,,0.0,,,,,,,0.0,,,,,,,,,,,,,,,0.0,,,,,,,,,,,,,,,,,,,,0.0,,0.0,,,,,,,,,0.0,,,,0.0,,,,,,,,,hot
,,,,,,,,,,,,,,,,,,,,,,,,,,,,,,,,,,,,,,,,,,,,,,,,,,,,,,,,,,,,,,,,,,,,,,,,,,,,,,,,,,,,,,,,,,,,,,,,,,,,,,,,,,,,,,,,,,,,,,,,,,,,,,,,,,,,,,,,,,,,,,,,,,,,,,,,,,,,,,,,,,,,,,,,,,,,,,Exercise--walking
,,,,,,,,,,,,,,,,,,,,,,,,,,,,,,,,,,,,,,,,,,,,,,,,,,,,,,,,,,,,,,,,,,,,,,,,,,,,,,,,,,,,,,,,,,,,,,,,,,,,,,,,,,,,,,,,,,,,,,,,,,,,,,,,,,,,,,,,,,,,,,,,,,,,,,,,,,,,,,,,,,,,,,,,,,,,,,Zopiclone
,,,,,,,,,,,,,,,,,,,,,,,,,,,,,,,,,,,,,,,,,,,,,,,,,,,,,,,,,,,,,,,,,,,,,,,,,,,,,,,,,,,,,,,,,,,,,,,,,,,,,,,,,,,,,,,,,,,,,,,,,,,,,,,,,,,,,,,,,,,,,,,,,,,,,,,,,,,,,,,,,,,,,,,,,,,,,,elliptical
,,,,,,,,,,,,,,,,,,,,,,,,,,,,,,,,,,,,,,,,,,,,,,,,,,,,,,,,,,,,,,,,,0.0,,,,,,,,,,,,,,,,,,,,,,,,,,,,,,,,0.0,,,,,,,,,,,,,,,,,,,,,,,2.0,,,,,,,,,,,,,,,,,,,,,,,0.0,,,,,,,,,,,,,,,,,,,,0.0,,,0.0,,,,,,,,Subling B12
0.0,,,,,,0.0,,0.0,0.0,,,,,,,,,,0.0,,,,0.0,,,,,,,,0.0,,,,,,,0.0,,0.0,,,,,,0.0,,,,,,0.0,,0.0,,,,,0.0,0.0,,,,,,,0.0,,,,,,,,,0.0,,,,,,,,,,,,,0.0,,,,,,,,,0.0,,,0.0,,,,,,,0.0,,,,,,,0.0,,,,,,,,,,,,,,,0.0,,,,,,,,,,,,,,,0.0,,,,,,,0.0,,,,,,,,,0.0,,,,0.0,,,,,,,,,I feel like a burden
,,,,,,,,,,,,,,,,,,,,,,,,0.0,,,,,,,,,,,,,,,,,,,,,0.0,,,,,,,,,,2.22044604925e-16,,,,,,,,,,,,,,2.22044604925e-16,,0.0,,0.0,,,,,0.0,,,,,,,,,,,,,,,,,,,,,,0.0,,,,,,,,,,,,,,,0.0,,,,,,,,,,,,,,,,0.0,,,,,,,,,,,,,,,,,,,,,,,,,,,,,,,,,,,,0.0,,,,,,,stressed
0.0,,,,,,0.0,,0.0,0.0,,,,,,,,,,0.0,,,,0.0,,,,,,,,0.0,,,,,,,0.0,,0.0,,,,,,0.0,,,,,,0.0,,0.0,,,,,0.0,0.0,,,,,,,0.0,,,,,,,,,0.0,,,,,,,,,,,,,0.0,,,,,,,,,0.0,,,0.0,,,,,,,0.0,,,,,,,0.0,,,,,,,,,,,,,,,0.0,,,,,,,,,,,,,,,0.0,,,,,0.0,,,,,,,,,,,0.0,,,,0.0,,,,,,,,,Anxiety about everything
,,,0.180545610195,,,,,,,,,,,,0.0,,,,,,,,,,,,,,,,,0.0,2.0,0.180545610195,,,,,,,,,,0.142490901448,,,,,,,0.0,,,,,,,0.180545610195,,,,,,0.235533336365,0.0,,,,,,,,,,,,,,,,,,,,,,,2.0,,,0.00845000582134,2.0,,0.133203876824,,,,,,,,,,,,,,,,0.0,0.0,,,,,,,,,,,,,,,,,,,,,,,,,,,,,,,,,,,,,,,,,,,,,,,,,,,,,,,,,,,,,,,Spironolactone
,,0.0,,0.0,0.0,,2.0,,,,0.0,0.0,0.0,0.0,,,2.0,2.0,,,,0.0,,,2.0,2.0,0.0,2.0,,0.0,,,,,0.0,,,,,,0.0,2.0,2.0,,2.0,,0.0,0.0,0.0,0.0,,,,,,0.0,,,,,,2.0,2.0,,,2.0,,0.0,,,,2.0,,2.0,0.0,,0.0,,0.0,0.0,2.0,2.0,,,0.0,0.0,,,,2.0,,,,,,,2.0,,,,,,,2.0,2.0,,2.0,,0.0,,,,2.0,,,2.0,2.0,,,,2.0,,,,2.0,0.0,2.0,2.0,,,,2.0,,0.0,0.0,0.0,2.0,,2.0,0.0,2.0,2.0,,2.0,,,,,,,,,,,,0.0,0.0,,,,,0.0,,0.0,,,,2.0,0.0,2.0,,,,physio
,,,,,,,,,,,,,,,,,,,,,,,,,,,,,,,,,,,,,,,,,,,,,,,,,,,,,,,,,,,,,,,,,,,,,,,,,,,,,,,,,,,,,,,,,,,,,,,,,,,,,,,,,,,,,,,,0.0,,,,,,,,,,,,,,,,,,,,,,,,,,,,,,,,,,,,,,,,,,,,,,,,,,,,,,,,,,,,,,Temazepam
,,0.0,,0.0,0.0,,2.0,,,,0.0,0.0,0.0,0.0,,,2.0,2.0,,,,0.0,,,2.0,2.0,0.0,2.0,,0.0,,,,,0.0,,,,,,0.0,2.0,2.0,,2.0,,0.0,0.0,0.0,0.0,,,,,,0.0,,,,,,2.0,2.0,,,2.0,,0.0,,,,2.0,,2.0,0.0,,0.0,,0.0,0.0,2.0,2.0,,,0.0,0.0,,,,2.0,,,,,,,2.0,,,,,,,2.0,2.0,,2.0,,0.0,,,,2.0,,,2.0,2.0,,,,2.0,,,,2.0,0.0,2.0,2.0,,,,2.0,,0.0,0.0,0.0,2.0,,2.0,0.0,2.0,2.0,,2.0,,,,,,,,,,0.0,,,0.0,,,,,0.0,,0.0,,,,2.0,0.0,2.0,,,,heating pads
,,0.0,,0.0,0.0,,2.0,,,,0.0,0.0,0.0,0.0,,,2.0,2.0,,,,0.0,,,2.0,2.0,0.0,2.0,,0.0,,,,,0.0,,,,,,0.0,2.0,2.0,,2.0,,0.0,0.0,0.0,0.0,,,,,,0.0,,,,,,2.0,2.0,,,2.0,,0.0,,,,2.0,,2.0,0.0,,0.0,,0.0,0.0,2.0,2.0,,,0.0,0.0,,,,2.0,,,,,,,2.0,,,,,,,2.0,2.0,,2.0,,0.0,,,,2.0,,,2.0,2.0,,,,2.0,,,,2.0,0.0,2.0,2.0,,,,2.0,,0.0,0.0,0.0,2.0,,2.0,0.0,2.0,2.0,,2.0,,,,,,,,,,0.0,,0.0,,,,,,0.0,,0.0,,,,2.0,0.0,2.0,,,,Japan
,,,,,,,,,,,,,,,,,,,,,0.0,,,,,,,,,,,,,,,,,,,,,,,,,,,,,,,,,,,,1.11022302463e-16,,,,,,,,,,,,,,,,,,,,,,,,,,,,,,,,,,,,,,,,,,,,,,,,,,,,,,,,,,,,,,,,,,,,,,,,0.0,,,,,,,,,,,,,,,,,,,,,,,,,,,,,,,,,,,,,,,,,,,,,Adderall
,,,,,,,,,,,,,,,,,,,,,,,,,,,,,2.0,,,,,,,,,,,,,,,,,,,,,,,,,,,,,,,,,,,,,,,,,,,,,,,,,,,,,,,,,,0.0,,,,,,,,,,,,,,,,,,,,,,,,,,,,,,,,,,,,,,,,,,,,,,,,,,,,,,,,,,,,,,,,,,,,,,,,,,,,,,,,,,,,0.0,,,D-Ribose
,,,,,,,,,,,,,,,,0.0,,,,,,,,,,,,,,,,,,,,,0.0,,,,,,,,,,,,,,,,0.0,,,,,,,,,,,,,,,,,,,,,,,,,,,,,,0.0,,,,,,,,,,,,,,,,0.0,,,,,,,2.0,,,,,,,,,,,,,0.0,,,,,,,,,,,,,,0.0,,,,,,,,,,,,,,,,,,,,,,,,,,,,,,,,,,,,,,,,,Keppra
0.0,,,,,,0.0,,0.0,0.0,,,,,,,,,,0.0,,,,0.0,,,,,,,,0.0,,,,,,,0.0,,0.0,,,,,,0.0,,,,,,0.0,,0.0,,,,,0.0,0.0,,,,,,,0.0,,,,,,,,,0.0,,,,,,,,,,,,,0.0,,,,,,,,,0.0,,,0.0,,,,,,,0.0,,,,,,,0.0,,,,,,,,,,,,,,,0.0,,,,,,,,,,,,,,,0.0,,,,,0.0,,0.0,,,,,,,,,,,,,0.0,,,,,,,,,insomnia last night
,,0.0,,0.0,0.0,,2.0,,,,0.0,0.0,0.0,0.0,,,2.0,2.0,,,,0.0,,,2.0,2.0,0.0,2.0,,0.0,,,,,0.0,,,,,,0.0,2.0,2.0,,2.0,,0.0,0.0,0.0,0.0,,,,,,0.0,,,,,,2.0,2.0,,,2.0,,0.0,,,,2.0,,2.0,0.0,,0.0,,0.0,0.0,2.0,2.0,,,0.0,0.0,,,,2.0,,,,,,,2.0,,,,,,,2.0,2.0,,2.0,,0.0,,,,2.0,,,2.0,2.0,,,,2.0,,,,2.0,0.0,2.0,2.0,,,,2.0,,0.0,0.0,0.0,2.0,,2.0,0.0,2.0,2.0,,2.0,,,,,,,,,,0.0,,0.0,0.0,,,,,,,0.0,,,,2.0,0.0,2.0,,,,Bad Cold
,,,,,,,,,,,,,,,,,,,,,,,,,,,,,,,,,,,,,,,,,,,,,,,,,,,,,,,,,,,,,,,,,0.0,,,,,,,,,,,,,,,,,,,,,,,,,,,,,,,,0.0,,,,,,,,,,,,,,,,,,,,,,,2.0,,,,,,,,,,,,,,,,,,,,,,,0.0,,,,,,0.0,,,,,,,,,,,,,,,,,0.0,,,,,,,,Azathioprine
,,0.0,,0.0,0.0,,2.0,,,,0.0,0.0,0.0,0.0,,,2.0,2.0,,,,0.0,,,2.0,2.0,0.0,2.0,,0.0,,,,,0.0,,,,,,0.0,2.0,2.0,,2.0,,0.0,0.0,0.0,0.0,,,,,,0.0,,,,,,2.0,2.0,,,2.0,,0.0,,,,2.0,,2.0,0.0,,0.0,,0.0,0.0,2.0,2.0,,,0.0,0.0,,,,2.0,,,,,,,2.0,,,,,,,2.0,2.0,,2.0,,0.0,,,,2.0,,,2.0,2.0,,,,2.0,,,,2.0,0.0,2.0,2.0,,,,2.0,,0.0,0.0,0.0,2.0,,2.0,0.0,2.0,2.0,,2.0,,,,,,,,,,0.0,,0.0,0.0,,,,,0.0,,,,,,2.0,0.0,2.0,,,,Work
0.0,,,,,,0.0,,0.0,0.0,,,,,,,,,,0.0,,,,0.0,,,,,,,,0.0,,,,,,,0.0,,0.0,,,,,,0.0,,,,,,0.0,,0.0,,,,,0.0,0.0,,,,,,,0.0,,,,,,,,,0.0,,,,,,,,,,,,,0.0,,,,,,,,,0.0,,,0.0,,,,,,,0.0,,,,,,,0.0,,,,,,,,,,,,,,,0.0,,,,,,,,,,,,,,,0.0,,,,,0.0,,0.0,,,,,,,,,0.0,,,,,,,,,,,,,oversensitive
,,,,,,,,,,,,,,,,,,,,,,,,,,,,,,,,,,,,,,,,,,,,,,,,,,,,,,,,,,,,,,,,,0.0,,,,,,,,,,,,,,,,,,,,,,,,,,,,,,,,0.0,,,,,,,,,,,,,,,,,,,,,,,2.0,,,,,,,,,,,,,,,,,,,,,,,0.0,,,,,,0.0,,,,,,,,,,,,,,0.0,,,,,,,,,,,Pentasa
,,,,,,,,,,,,,,,,,,,,,,,,0.0,,,,,,,,,,,,,,,,,,,,,,,,,,,,,,,0.0,,,,,,,,,,,,,,0.0,,0.0,,0.0,,,,,0.0,,,,,,,,,,,,,,,,,,,,,,0.0,,,,,,,,,,,,,,,,,,,,,,,,,,,,,,,0.0,,,,,,,,,,,,,,,,,,,,0.0,,,,,,,,,,,,,,,,,,,,,,,out of the house
,,2.0,,2.0,2.0,,0.0,,,,2.0,2.0,2.0,2.0,,,0.0,0.0,,,,2.0,,,0.0,0.0,2.0,0.0,,2.0,,,,,2.0,,,,,,2.0,0.0,0.0,,0.0,,2.0,2.0,2.0,2.0,,,,,,2.0,,,,,,0.0,0.0,,,0.0,,2.0,,,,0.0,,0.0,2.0,,2.0,,2.0,2.0,0.0,0.0,,,2.0,2.0,,,,0.0,,,,,,,0.0,,,,,,,0.0,0.0,,0.0,,2.0,,,,0.0,,,0.0,0.0,,,,0.0,,,,0.0,2.0,0.0,0.0,,,,0.0,,2.0,2.0,2.0,0.0,,0.0,2.0,0.0,0.0,,0.0,,,,,,,,,,2.0,,2.0,2.0,,,,,2.0,,2.0,,,,,2.0,0.0,,,,hyperventilation
,,0.0,,0.0,0.0,,2.0,,,,0.0,0.0,0.0,0.0,,,2.0,2.0,,,,0.0,,,2.0,2.0,0.0,2.0,,0.0,,,,,0.0,,,,,,0.0,2.0,2.0,,2.0,,0.0,0.0,0.0,0.0,,,,,,0.0,,,,,,2.0,2.0,,,2.0,,0.0,,,,2.0,,2.0,0.0,,0.0,,0.0,0.0,2.0,2.0,,,0.0,0.0,,,,2.0,,,,,,,2.0,,,,,,,2.0,2.0,,2.0,,0.0,,,,2.0,,,2.0,2.0,,,,2.0,,,,2.0,0.0,2.0,2.0,,,,2.0,,0.0,0.0,0.0,2.0,,2.0,0.0,2.0,2.0,,2.0,,,,,,,,,,0.0,,0.0,0.0,,,,,0.0,,0.0,,,,2.0,,2.0,,,,Athlete Vitamin
,,2.0,,2.0,2.0,,0.0,,,,2.0,2.0,2.0,2.0,,,0.0,0.0,,,,2.0,,,0.0,0.0,2.0,0.0,,2.0,,,,,2.0,,,,,,2.0,0.0,0.0,,0.0,,2.0,2.0,2.0,2.0,,,,,,2.0,,,,,,0.0,0.0,,,0.0,,2.0,,,,0.0,,0.0,2.0,,2.0,,2.0,2.0,0.0,0.0,,,2.0,2.0,,,,0.0,,,,,,,0.0,,,,,,,0.0,0.0,,0.0,,2.0,,,,0.0,,,0.0,0.0,,,,0.0,,,,0.0,2.0,0.0,0.0,,,,0.0,,2.0,2.0,2.0,0.0,,0.0,2.0,0.0,0.0,,0.0,,,,,,,,,,2.0,,2.0,2.0,,,,,2.0,,2.0,,,,0.0,2.0,,,,,rheumatologist
,,,,,,,,,,,,,,,,,,,,,,,,,,,,,2.0,,,,,,,,,,,,,,,,,,,,,,,,,,,,,,,,,,,,,,,,,,,,,,,,,,,,,,,,,,0.0,,,,,,,,,,,,,,,,,,,,,,,,,,,,,,,,,,,,,,,,,,,,,,,,,,,,,,,,,,,,,,,,,,,,,,,,0.0,,,,,,,,,,,,,,,Trazodone
,,,,,,,,,,,,,,,,,,,,,,,,,,,,,,,,,,,,,,,,,,,,,,,,,,,,,,,,,,,,,,,,,,,,,,,,,,,,,,,,,,,,,,,,,,,,,,,,,,,,,,0.0,,,,,,,,,,,,,,,,,,,,,,,,,,,,,,,,,,,,,,,,,,,,,,,,,,,,,,,,,,,,,,,,,,,,,,,,Propranolol
,,,,,,,,,,,,,,,,,,,,,,,,,,,,,,,,,,,,,,,,,,,,,,,,,,,,,,,,,,,,,,,,,,,,,,,,,,,,,,,,,,,,,,,,,,,,,,,,,,,,,,,,,,,,,,,,,,,,,,,,,,,,,,,,,,,,,,,,,,,,,,,,,,,,,,,,,,,,,,,,,,,,,,,,,,,,,,Pristiq
