chicken wild rice soup,Phyical Therapy - stretches,Caffeine,Osteopathy,Cannabis,crocheted,Ambien CR,tumeric extract,lift x2,meds,smoothie,buses,avocado,ice cream bar,gardening,Netflix day,alcohol yesterday,holiday,DEHA,Vitamin b complex,8 hours sleep,cuddled kitten,Methylcobalamine,therapy session,10K steps,ate badly,Candy,siracha,Slept extra,THC,Goth clubbing,Allegra,11K steps,home alone,new environment,Fish oil,Chocolate after 6pm,Rest,12K Steps,Veggies,took naps,Corticosteroids,Tretinoin,picnic,bed day,bacon,8.5 hours sleep,drank wine,Aromatherapy,slept 7 hours,knitting,ice cream,Claritin,Strattera,Relaxing,Low oxalate,skipped meals,Zofran,Clinda-derm,Hydroxyzine,Synthroid,12 hours sleep,Went to concert,excedrin migraine,yogurt,exercise,Post-op ice device,Vitamin C,Vitamin B,listen to music ,ate salsa,Tavegyl,Daytime nap,5k steps,Gabapentin,Maxalt,Klonopin,Medication,zoo,CBD,LUSH acne spot-treatment,studied,fun shopping,flaxseed and fybogel,Vitamin b12,bed late,Vitamin d,Ice pack,Late lunch,massage,no breakfast,Pedicure,physical therapy,took nap,little breakfast,shopped,acupuncture treatment,Acupuncture,ironing,Metformin,9 hours sleep,Went out on date,vacation,15K steps,music,Snooze,slept 11 hours,CoQ10,social gathering,lots of desk work,shopping,gluten,Trigger Points,16K steps,crafting,scary new shit,bubble and squeak roast,8.75 hours sleep,2K steps,Tranexamic acid,slimfast,rebounding,Gardening,exercised,Singulair,stool softener,not great sleep,banana,donut,Allergy Shots,bbq,Zinc,Melatonin,soft drink,10.5 hours sleep,Dicyclomine,Alcohol,allergy shot,slept 8 hours!,small breakfast,Sunlight,Nap,Pantoprazole,snack lunch,birth control,Magnesium glycinate,5-htp,Nasonex,cooked breakfast,Tylenol 3,ate little,eye ointment,gluten free,Lazy day,Achy breaky rub,did some homework,Famotidine,Enada,laundry,strapping of shoulder,Cefaly Unit,Seasonique,Astelin,Progesterone,mass transit,heating pads,Norco,popcorn,archery,Weeded garden,Snacks,Singing,grocery shopping,Montelukast,thai food,Arby's,bone broth,long walk,nachos,smoked,severe pain,row
,2.0,,2.0,,,,,0.0,,,0.0,,,,,,,,,,,,,,,,,,,,,,0.0,0.0,,,,,,,2.0,2.0,0.0,0.0,,,0.0,,,,,,,,,0.0,,2.0,,,,,,,0.0,,,2.0,,0.0,,,,,,,2.0,,,,0.0,,,,,,,0.0,,,,0.0,,,,0.0,,0.0,2.0,,0.0,0.0,,,,,,,0.0,,,,,0.0,0.0,0.0,,,,0.0,,0.0,0.0,,,0.0,0.0,,,0.0,,,0.0,,2.0,,0.0,,,,,,,,,,,0.0,,,,,0.0,,,,2.0,0.0,,,,,2.0,,,,,,,,,,2.0,0.0,,0.0,0.0,,,0.0,chicken wild rice soup
2.0,,,0.0,,,,,2.0,,,2.0,,,,,,,,,,,,,,,,,,,,,,2.0,2.0,,,,,,,0.0,0.0,2.0,2.0,,,2.0,,,,,,,,,2.0,,0.0,,,,,,,2.0,,,0.0,,2.0,,,,,,,0.0,,,,2.0,,,,,,,2.0,,,,2.0,,,,2.0,,2.0,0.0,,2.0,2.0,,,,,,,2.0,,,,,2.0,2.0,2.0,,,,2.0,,2.0,2.0,,,2.0,2.0,,,2.0,,,2.0,,0.0,,2.0,,,,,,,,,,,2.0,,,,,2.0,,,,0.0,2.0,,,,,0.0,,,,,,,,,,0.0,2.0,,2.0,2.0,,,2.0,Phyical Therapy - stretches
,,,,,,,,,,,,2.0,2.0,2.0,,,,,,,,,,,2.0,2.0,,,,,,,,,,,,,0.0,,,,,,,,,,,2.0,2.0,,,,,,,,,,,,,2.0,,,,,,,,,,,,,,,,,,,,0.0,,,,,,2.0,,,,2.0,,,,,,,,,,2.0,0.0,,,,,,,,,,,,,,,,,,,,,,,2.0,,,,,,,,,,,,,0.0,,2.0,,,,,,,2.0,,,,,,,,,,,,,,,,,,,2.0,0.0,2.0,,,,2.0,,,,,,Caffeine
2.0,0.0,,,,,,,2.0,,,2.0,,,,,,,,,,,,,,,,,,,,,,2.0,2.0,,,,,,,0.0,0.0,2.0,2.0,,,2.0,,,,,,,,,2.0,,0.0,,,,,,,2.0,,,0.0,,2.0,,,,,,,0.0,,,,2.0,,,,,,,2.0,,,,2.0,,,,2.0,,2.0,0.0,,2.0,2.0,,,,,,,2.0,,,,,2.0,2.0,2.0,,,,2.0,,2.0,2.0,,,2.0,2.0,,,2.0,,,2.0,,0.0,,2.0,,,,,,,,,,,2.0,,,,,2.0,,,,0.0,2.0,,,,,0.0,,,,,,,,,,0.0,2.0,,2.0,2.0,,,2.0,Osteopathy
,,,,,,,,,,,,,,,,,,,,,,,,,,,,,,,,,,,,,,,,,,,,,,,,,,,,,,,,,,,,,,,,,,,,,,,,,,,,,,,,,,,,,,,,,,,,,,,,,,,,,,,,,,,,,,,,,,,,,,,,,,,,,,,,,,,,,,,,,,,,,,,,,,,,,,,,,,,,,,,,,,,,,,,,,,,,,,,,,,,,,Cannabis
,,,,,,,,,,0.0,,,,,,2.0,,,,,,,,,,,,,,,,,,2.0,,,,,,0.0,,,,,,,,,,,,,,,,,,,,,,,,,,,,,,,,,,,0.0,,,,,,,2.0,,,,,,,,,,,2.0,,0.0,,,,,,,,,,,,,,,,,,,,,,,,,,,,,,,,,,,,,,,,,,,,,,,,,,,,,,,,,,,,,,,,,,0.0,,,,,,,,,,,0.0,,,,,,,2.0,,crocheted
,,,,,,,,,0.0,,,,,,,,,,2.0,2.0,0.0,,,,,,,,2.0,,2.0,,,,2.0,,0.0,,,,,,,,,,,,,,,2.0,2.0,,,,0.0,,0.0,,,,,,,2.0,2.0,,,,,,,,,2.0,,,0.0,,,,0.0,2.0,0.0,2.0,0.0,,,,,0.0,,,,,,,,0.0,,,,,,0.0,,,,,,,,,,,,,,,,,,2.0,0.0,,,,,,2.0,2.0,,,,0.0,,,0.0,2.0,,,,,2.0,2.0,2.0,,,,0.0,,,,2.0,2.0,,,2.0,,,2.0,,2.0,0.0,0.0,,,,,,,,,,,,,,,Ambien CR
,,,,,,,,,,,,,,,0.0,,,,0.0,0.0,,,0.0,,,,0.0,,,0.0,0.0,,,,0.0,0.0,,,,,,,,,0.0,0.0,,,0.0,,,0.0,0.0,,,,,,,0.0,0.0,,,,,,0.0,,,,,0.0,,,,2.0,,,,,,,,0.0,,0.0,,,,,,,,,,,0.0,,,0.0,,,,,,0.0,0.0,0.0,,0.0,0.0,,,0.0,,,0.0,,,,,,,0.0,,,,,2.0,,0.0,0.0,,0.0,,,0.0,0.0,,,,,,0.0,0.0,0.0,0.0,,,,,,,,0.0,0.0,,0.0,,,,0.0,,,,,2.0,,,,,,,,,,,,,,tumeric extract
0.0,2.0,,2.0,,,,,,,,0.0,,,,,,,,,,,,,,,,,,,,,,0.0,0.0,,,,,,,2.0,2.0,0.0,0.0,,,0.0,,,,,,,,,0.0,,2.0,,,,,,,0.0,,,2.0,,0.0,,,,,,,2.0,,,,0.0,,,,,,,0.0,,,,0.0,,,,0.0,,0.0,2.0,,0.0,0.0,,,,,,,0.0,,,,,0.0,0.0,0.0,,,,0.0,,0.0,0.0,,,0.0,0.0,,,0.0,,,0.0,,2.0,,0.0,,,,,,,,,,,0.0,,,,,0.0,,,,2.0,0.0,,,,,2.0,,,,,,,,,,2.0,0.0,,0.0,0.0,,,0.0,lift x2
,,,,,,0.0,,,,,,,,,,,,,2.0,2.0,0.0,,,,,,,,2.0,,2.0,,,,2.0,,0.0,,,,,,,,,,,,,,,2.0,2.0,,,,0.0,,0.0,,,,,,,2.0,2.0,,,,,,,,,2.0,,,0.0,,,,0.0,2.0,0.0,2.0,0.0,,,,,0.0,,,,,,,,0.0,,,,,,0.0,,,,,,,,,,,,,,,,,,2.0,0.0,,,,,,2.0,2.0,,,,0.0,,,0.0,2.0,,,,,2.0,2.0,2.0,,,,0.0,,,,2.0,2.0,,,2.0,,,2.0,,2.0,0.0,0.0,,,,,,,,,,,,,,,meds
,,,,,0.0,,,,,,,,,,,2.0,,,,,,,,,,,,,,,,,,2.0,,,,,,0.0,,,,,,,,,,,,,,,,,,,,,,,,,,,,,,,,,,,0.0,,,,,,,2.0,,,,,,,,,,,2.0,,0.0,,,,,,,,,,,,,,,,,,,,,,,,,,,,,,,,,,,,,,,,,,,,,,,,,,,,,,,,,,,,,,,,,,0.0,,,,,,,,,,,0.0,,,,,,,2.0,,smoothie
0.0,2.0,,2.0,,,,,0.0,,,,,,,,,,,,,,,,,,,,,,,,,0.0,0.0,,,,,,,2.0,2.0,0.0,0.0,,,0.0,,,,,,,,,0.0,,2.0,,,,,,,0.0,,,2.0,,0.0,,,,,,,2.0,,,,0.0,,,,,,,0.0,,,,0.0,,,,0.0,,0.0,2.0,,0.0,0.0,,,,,,,0.0,,,,,0.0,0.0,0.0,,,,0.0,,0.0,0.0,,,0.0,0.0,,,0.0,,,0.0,,2.0,,0.0,,,,,,,,,,,0.0,,,,,0.0,,,,2.0,0.0,,,,,2.0,,,,,,,,,,2.0,0.0,,0.0,0.0,,,0.0,buses
,,2.0,,,,,,,,,,,0.0,0.0,,,,,,,,,,,0.0,0.0,,,,,,,,,,,,,2.0,,,,,,,,,,,0.0,0.0,,,,,,,,,,,,,0.0,,,,,,,,,,,,,,,,,,,,2.0,,,,,,0.0,,,,0.0,,,,,,,,,,0.0,2.0,,,,,,,,,,,,,,,,,,,,,,,0.0,,,,,,,,,,,,,2.0,,0.0,,,,,,,0.0,,,,,,,,,,,,,,,,,,,0.0,2.0,0.0,,,,0.0,,,,,,avocado
,,2.0,,,,,,,,,,0.0,,0.0,,,,,,,,,,,0.0,0.0,,,,,,,,,,,,,2.0,,,,,,,,,,,0.0,0.0,,,,,,,,,,,,,0.0,,,,,,,,,,,,,,,,,,,,2.0,,,,,,0.0,,,,0.0,,,,,,,,,,0.0,2.0,,,,,,,,,,,,,,,,,,,,,,,0.0,,,,,,,,,,,,,2.0,,0.0,,,,,,,0.0,,,,,,,,,,,,,,,,,,,0.0,2.0,0.0,,,,0.0,,,,,,ice cream bar
,,2.0,,,,,,,,,,0.0,0.0,,,,,,,,,,,,0.0,0.0,,,,,,,,,,,,,2.0,,,,,,,,,,,0.0,0.0,,,,,,,,,,,,,0.0,,,,,,,,,,,,,,,,,,,,2.0,,,,,,0.0,,,,0.0,,,,,,,,,,0.0,2.0,,,,,,,,,,,,,,,,,,,,,,,0.0,,,,,,,,,,,,,2.0,,0.0,,,,,,,0.0,,,,,,,,,,,,,,,,,,,0.0,2.0,0.0,,,,0.0,,,,,,gardening
,,,,,,,0.0,,,,,,,,,,,,0.0,0.0,,,0.0,,,,0.0,,,0.0,0.0,,,,0.0,0.0,,,,,,,,,0.0,0.0,,,0.0,,,0.0,0.0,,,,,,,0.0,0.0,,,,,,0.0,,,,,0.0,,,,2.0,,,,,,,,0.0,,0.0,,,,,,,,,,,0.0,,,0.0,,,,,,0.0,0.0,0.0,,0.0,0.0,,,0.0,,,0.0,,,,,,,0.0,,,,,2.0,,0.0,0.0,,0.0,,,0.0,0.0,,,,,,0.0,0.0,0.0,0.0,,,,,,,,0.0,0.0,,0.0,,,,0.0,,,,,2.0,,,,,,,,,,,,,,Netflix day
,,,,,2.0,,,,,2.0,,,,,,,,,,,,,,,,,,,,,,,,0.0,,,,,,2.0,,,,,,,,,,,,,,,,,,,,,,,,,,,,,,,,,,,2.0,,,,,,,0.0,,,,,,,,,,,0.0,,2.0,,,,,,,,,,,,,,,,,,,,,,,,,,,,,,,,,,,,,,,,,,,,,,,,,,,,,,,,,,,,,,,,,,2.0,,,,,,,,,,,2.0,,,,,,,0.0,,alcohol yesterday
,,,,,,,,,,,,,,,,,,,,,,,,0.0,,,,,,,,2.0,,,,,,2.0,,,,,,,,,,,,,,,,,,,,,,,,,,,,,,,,,,,2.0,,0.0,,,,,,,,,,,,,,,,2.0,,,,,,,,,,,,2.0,,,,,,,,,,2.0,,,,,2.0,,,,,,,,,,,,,,,,,,,,,,,,,,,,,,,,,,,,,,,,,,0.0,,,,,,,,,,,,,,,,,,,,,holiday
,,,,,,,,,,,,,,,,,,,,,,,,,,,,,,,,,,,,,,,,,,,,,,,,,,,,,,,,,,,,,,,,,,,,,,,,,,,,,,,,,,,,,,,,,,,,,,,,,,,,,,,,,,,,,,,,,,,,,,,,,,,,,,,,,,,,,,,,,,,,,,,,,,,,,,,,,,,,,,,,,,,,,,,,,,,,,,,,,,,,,DEHA
,,,,,,2.0,0.0,,2.0,,,,,,0.0,,,,,0.00837483850053,2.0,,0.0,,,,0.0,,0.0,0.0,4.16371515465e-05,,,,0.00461695552259,0.0,2.0,,,,,,,,0.0,0.0,,,0.0,,,1.11022302463e-16,4.16371515465e-05,,,,2.0,,2.0,0.0,0.0,,,,,0.0,1.11022302463e-16,,,,,0.0,,,,0.0126075754258,,,2.0,,,,2.0,0.00461695552259,2.0,1.11022302463e-16,2.0,,,,,2.0,,,,,0.0,,,1.4941689455,,,,,,1.45783637168,0.0,0.0,,0.0,0.0,,,0.0,,,0.0,,,,,,,1.11022302463e-16,2.0,,,,2.0,,1.11022302463e-16,1.11022302463e-16,,0.0,,2.0,0.0,0.0,2.0,0.0,,,,0.0,1.11022302463e-16,1.11022302463e-16,1.11022302463e-16,,,,2.0,,,,0.09059571774,1.11022302463e-16,,0.0,0.0,,,1.11022302463e-16,,0.0,2.0,2.0,2.0,,,,,,,,,,,,,,Vitamin b complex
,,,,,,2.0,0.0,,2.0,,,,,,0.0,,,,0.00837483850053,,2.0,,0.0,,,,0.0,,0.0,0.0,0.00959466336049,,,,0.000557086686419,0.0,2.0,,,,,,,,0.0,0.0,,,0.0,,,0.00837483850053,0.00959466336049,,,,2.0,,2.0,0.0,0.0,,,,,0.0,0.00837483850053,,,,,0.0,,,,0.041320062716,,,2.0,,,,2.0,0.000557086686419,2.0,0.00837483850053,2.0,,,,,2.0,,,,,0.0,,,1.37775237284,,,,,,1.33918363636,0.0,0.0,,0.0,0.0,,,0.0,,,0.0,,,,,,,0.00837483850053,2.0,,,,2.0,,0.00837483850053,0.00837483850053,,0.0,,2.0,0.0,0.0,2.0,0.0,,,,0.0,0.00837483850053,0.00837483850053,0.00837483850053,,,,2.0,,,,0.0444969277521,0.00837483850053,,0.0,0.0,,,0.00837483850053,,0.0,2.0,2.0,2.0,,,,,,,,,,,,,,8 hours sleep
,,,,,,0.0,,,0.0,,,,,,,,,,2.0,2.0,,,,,,,,,2.0,,2.0,,,,2.0,,0.0,,,,,,,,,,,,,,,2.0,2.0,,,,0.0,,0.0,,,,,,,2.0,2.0,,,,,,,,,2.0,,,0.0,,,,0.0,2.0,0.0,2.0,0.0,,,,,0.0,,,,,,,,0.0,,,,,,0.0,,,,,,,,,,,,,,,,,,2.0,0.0,,,,,,2.0,2.0,,,,0.0,,,0.0,2.0,,,,,2.0,2.0,2.0,,,,0.0,,,,2.0,2.0,,,2.0,,,2.0,,2.0,0.0,0.0,,,,,,,,,,,,,,,cuddled kitten
,,,,,,,,,,,,,,,,,,,,,,,,,,,,,,,,,,,,,,,,,,,,,,,,,,,,,,,,,,,,,,,,,,,,,,,,,,,,,,,,,,,,,,,,,,,,,,,,,,,,,,,,,,,,,,,,,,,,,,,,,,,,,,,,,,,,,,,,,,,,,,,,,,,,,,,,,,,,,,,,,,,,,,,,,,,,,,,,,,,,,Methylcobalamine
,,,,,,,0.0,,,,,,,,0.0,,,,0.0,0.0,,,,,,,0.0,,,0.0,0.0,,,,0.0,0.0,,,,,,,,,0.0,0.0,,,0.0,,,0.0,0.0,,,,,,,0.0,0.0,,,,,,0.0,,,,,0.0,,,,2.0,,,,,,,,0.0,,0.0,,,,,,,,,,,0.0,,,0.0,,,,,,0.0,0.0,0.0,,0.0,0.0,,,0.0,,,0.0,,,,,,,0.0,,,,,2.0,,0.0,0.0,,0.0,,,0.0,0.0,,,,,,0.0,0.0,0.0,0.0,,,,,,,,0.0,0.0,,0.0,,,,0.0,,,,,2.0,,,,,,,,,,,,,,therapy session
,,,,,,,,,,,,,,,,,0.0,,,,,,,,,,,,,,,2.0,,,,,,2.0,,,,,,,,,,,,,,,,,,,,,,,,,,,,,,,,,,,2.0,,0.0,,,,,,,,,,,,,,,,2.0,,,,,,,,,,,,2.0,,,,,,,,,,2.0,,,,,2.0,,,,,,,,,,,,,,,,,,,,,,,,,,,,,,,,,,,,,,,,,,0.0,,,,,,,,,,,,,,,,,,,,,10K steps
,,2.0,,,,,,,,,,0.0,0.0,0.0,,,,,,,,,,,,0.0,,,,,,,,,,,,,2.0,,,,,,,,,,,0.0,0.0,,,,,,,,,,,,,0.0,,,,,,,,,,,,,,,,,,,,2.0,,,,,,0.0,,,,0.0,,,,,,,,,,0.0,2.0,,,,,,,,,,,,,,,,,,,,,,,0.0,,,,,,,,,,,,,2.0,,0.0,,,,,,,0.0,,,,,,,,,,,,,,,,,,,0.0,2.0,0.0,,,,0.0,,,,,,ate badly
,,2.0,,,,,,,,,,0.0,0.0,0.0,,,,,,,,,,,0.0,,,,,,,,,,,,,,2.0,,,,,,,,,,,0.0,0.0,,,,,,,,,,,,,0.0,,,,,,,,,,,,,,,,,,,,2.0,,,,,,0.0,,,,0.0,,,,,,,,,,0.0,2.0,,,,,,,,,,,,,,,,,,,,,,,0.0,,,,,,,,,,,,,2.0,,0.0,,,,,,,0.0,,,,,,,,,,,,,,,,,,,0.0,2.0,0.0,,,,0.0,,,,,,Candy
,,,,,,,0.0,,,,,,,,0.0,,,,0.0,0.0,,,0.0,,,,,,,0.0,0.0,,,,0.0,0.0,,,,,,,,,0.0,0.0,,,0.0,,,0.0,0.0,,,,,,,0.0,0.0,,,,,,0.0,,,,,0.0,,,,2.0,,,,,,,,0.0,,0.0,,,,,,,,,,,0.0,,,0.0,,,,,,0.0,0.0,0.0,,0.0,0.0,,,0.0,,,0.0,,,,,,,0.0,,,,,2.0,,0.0,0.0,,0.0,,,0.0,0.0,,,,,,0.0,0.0,0.0,0.0,,,,,,,,0.0,0.0,,0.0,,,,0.0,,,,,2.0,,,,,,,,,,,,,,siracha
,,,,,,,,,,,,,,,,,,,,,,,,,,,,,,,,,,,,,,,,,,,,,,,,,,,,,,,,,,,,,,,,,,,,,,,,,,,,,,,,,,,,,,,,,,,,,,,,,,,,,,,,,,,,,,,,,,,,,,,,,,,,,,,,,,,,,,,,,,,,,,,,,,,,,,,,,,,,,,,,,,,,,,,,,,,,,,,,,,,,,Slept extra
,,,,,,2.0,,,2.0,,,,,,,,,,0.0,0.0,2.0,,,,,,,,,,0.0,,,,0.0,,2.0,,,,,,,,,,,,,,,0.0,0.0,,,,2.0,,2.0,,,,,,,0.0,0.0,,,,,,,,,0.0,,,2.0,,,,2.0,0.0,2.0,0.0,2.0,,,,,2.0,,,,,,,,2.0,,,,,,2.0,,,,,,,,,,,,,,,,,,0.0,2.0,,,,,,0.0,0.0,,,,2.0,,,2.0,0.0,,,,,0.0,0.0,0.0,,,,2.0,,,,0.0,0.0,,,0.0,,,0.0,,0.0,2.0,2.0,,,,,,,,,,,,,,,THC
,,,,,,,0.0,,,,,,,,0.0,,,,0.0,0.0,,,0.0,,,,0.0,,,,0.0,,,,0.0,0.0,,,,,,,,,0.0,0.0,,,0.0,,,0.0,0.0,,,,,,,0.0,0.0,,,,,,0.0,,,,,0.0,,,,2.0,,,,,,,,0.0,,0.0,,,,,,,,,,,0.0,,,0.0,,,,,,0.0,0.0,0.0,,0.0,0.0,,,0.0,,,0.0,,,,,,,0.0,,,,,2.0,,0.0,0.0,,0.0,,,0.0,0.0,,,,,,0.0,0.0,0.0,0.0,,,,,,,,0.0,0.0,,0.0,,,,0.0,,,,,2.0,,,,,,,,,,,,,,Goth clubbing
,,,,,,2.0,0.0,,2.0,,,,,,0.0,,,,4.16371515465e-05,0.00959466336049,2.0,,0.0,,,,0.0,,0.0,0.0,,,,,0.0055342751072,0.0,2.0,,,,,,,,0.0,0.0,,,0.0,,,4.16371515465e-05,1.11022302463e-16,,,,2.0,,2.0,0.0,0.0,,,,,0.0,4.16371515465e-05,,,,,0.0,,,,0.0112042174384,,,2.0,,,,2.0,0.0055342751072,2.0,4.16371515465e-05,2.0,,,,,2.0,,,,,0.0,,,1.50208166427,,,,,,1.46593010482,0.0,0.0,,0.0,0.0,,,0.0,,,0.0,,,,,,,4.16371515465e-05,2.0,,,,2.0,,4.16371515465e-05,4.16371515465e-05,,0.0,,2.0,0.0,0.0,2.0,0.0,,,,0.0,4.16371515465e-05,4.16371515465e-05,4.16371515465e-05,,,,2.0,,,,0.0944289496271,4.16371515465e-05,,0.0,0.0,,,4.16371515465e-05,,0.0,2.0,2.0,2.0,,,,,,,,,,,,,,Allegra
,,,,,,,,,,,,,,,,,2.0,,,,,,,2.0,,,,,,,,,,,,,,0.0,,,,,,,,,,,,,,,,,,,,,,,,,,,,,,,,,,,0.0,,2.0,,,,,,,,,,,,,,,,0.0,,,,,,,,,,,,0.0,,,,,,,,,,0.0,,,,,0.0,,,,,,,,,,,,,,,,,,,,,,,,,,,,,,,,,,,,,,,,,,2.0,,,,,,,,,,,,,,,,,,,,,11K steps
0.0,2.0,,2.0,,,,,0.0,,,0.0,,,,,,,,,,,,,,,,,,,,,,,0.0,,,,,,,2.0,2.0,0.0,0.0,,,0.0,,,,,,,,,0.0,,2.0,,,,,,,0.0,,,2.0,,0.0,,,,,,,2.0,,,,0.0,,,,,,,0.0,,,,0.0,,,,0.0,,0.0,2.0,,0.0,0.0,,,,,,,0.0,,,,,0.0,0.0,0.0,,,,0.0,,0.0,0.0,,,0.0,0.0,,,0.0,,,0.0,,2.0,,0.0,,,,,,,,,,,0.0,,,,,0.0,,,,2.0,0.0,,,,,2.0,,,,,,,,,,2.0,0.0,,0.0,0.0,,,0.0,home alone
0.0,2.0,,2.0,,2.0,,,0.0,,2.0,0.0,,,,,0.0,,,,,,,,,,,,,,,,,0.0,,,,,,,2.0,2.0,2.0,0.0,0.0,,,0.0,,,,,,,,,0.0,,2.0,,,,,,,0.0,,,2.0,,0.0,,,,,2.0,,2.0,,,,0.0,0.0,,,,,,0.0,,,,0.0,0.0,,2.0,0.0,,0.0,2.0,,0.0,0.0,,,,,,,0.0,,,,,0.0,0.0,0.0,,,,0.0,,0.0,0.0,,,0.0,0.0,,,0.0,,,0.0,,2.0,,0.0,,,,,,,,,,,0.0,,,,,0.0,,,,2.0,0.0,,,2.0,,2.0,,,,,0.0,,,,2.0,2.0,0.0,,0.0,0.0,0.0,0.0,0.0,new environment
,,,,,,2.0,0.0,,2.0,,,,,,0.0,,,,0.00461695552259,0.000557086686419,2.0,,0.0,,,,0.0,,0.0,0.0,0.0055342751072,,,,,0.0,2.0,,,,,,,,0.0,0.0,,,0.0,,,0.00461695552259,0.0055342751072,,,,2.0,,2.0,0.0,0.0,,,,,0.0,0.00461695552259,,,,,0.0,,,,0.0323594989603,,,2.0,,,,2.0,0.0,2.0,0.00461695552259,2.0,,,,,2.0,,,,,0.0,,,1.40844368401,,,,,,1.37039082881,0.0,0.0,,0.0,0.0,,,0.0,,,0.0,,,,,,,0.00461695552259,2.0,,,,2.0,,0.00461695552259,0.00461695552259,,0.0,,2.0,0.0,0.0,2.0,0.0,,,,0.0,0.00461695552259,0.00461695552259,0.00461695552259,,,,2.0,,,,0.0548740997172,0.00461695552259,,0.0,0.0,,,0.00461695552259,,0.0,2.0,2.0,2.0,,,,,,,,,,,,,,Fish oil
,,,,,,,0.0,,,,,,,,0.0,,,,0.0,0.0,,,0.0,,,,0.0,,,0.0,0.0,,,,0.0,,,,,,,,,,0.0,0.0,,,0.0,,,0.0,0.0,,,,,,,0.0,0.0,,,,,,0.0,,,,,0.0,,,,2.0,,,,,,,,0.0,,0.0,,,,,,,,,,,0.0,,,0.0,,,,,,0.0,0.0,0.0,,0.0,0.0,,,0.0,,,0.0,,,,,,,0.0,,,,,2.0,,0.0,0.0,,0.0,,,0.0,0.0,,,,,,0.0,0.0,0.0,0.0,,,,,,,,0.0,0.0,,0.0,,,,0.0,,,,,2.0,,,,,,,,,,,,,,Chocolate after 6pm
,,,,,,0.0,,,0.0,,,,,,,,,,2.0,2.0,0.0,,,,,,,,2.0,,2.0,,,,2.0,,,,,,,,,,,,,,,,,2.0,2.0,,,,0.0,,0.0,,,,,,,2.0,2.0,,,,,,,,,2.0,,,0.0,,,,0.0,2.0,0.0,2.0,0.0,,,,,0.0,,,,,,,,0.0,,,,,,0.0,,,,,,,,,,,,,,,,,,2.0,0.0,,,,,,2.0,2.0,,,,0.0,,,0.0,2.0,,,,,2.0,2.0,2.0,,,,0.0,,,,2.0,2.0,,,2.0,,,2.0,,2.0,0.0,0.0,,,,,,,,,,,,,,,Rest
,,,,,,,,,,,,,,,,,2.0,,,,,,,2.0,,,,,,,,0.0,,,,,,,,,,,,,,,,,,,,,,,,,,,,,,,,,,,,,,,,,0.0,,2.0,,,,,,,,,,,,,,,,0.0,,,,,,,,,,,,0.0,,,,,,,,,,0.0,,,,,0.0,,,,,,,,,,,,,,,,,,,,,,,,,,,,,,,,,,,,,,,,,,2.0,,,,,,,,,,,,,,,,,,,,,12K Steps
,,0.0,,,,,,,,,,2.0,2.0,2.0,,,,,,,,,,,2.0,2.0,,,,,,,,,,,,,,,,,,,,,,,,2.0,2.0,,,,,,,,,,,,,2.0,,,,,,,,,,,,,,,,,,,,0.0,,,,,,2.0,,,,2.0,,,,,,,,,,2.0,0.0,,,,,,,,,,,,,,,,,,,,,,,2.0,,,,,,,,,,,,,0.0,,2.0,,,,,,,2.0,,,,,,,,,,,,,,,,,,,2.0,0.0,2.0,,,,2.0,,,,,,Veggies
,,,,,0.0,,,,,0.0,,,,,,2.0,,,,,,,,,,,,,,,,,,2.0,,,,,,,,,,,,,,,,,,,,,,,,,,,,,,,,,,,,,,,,,0.0,,,,,,,2.0,,,,,,,,,,,2.0,,0.0,,,,,,,,,,,,,,,,,,,,,,,,,,,,,,,,,,,,,,,,,,,,,,,,,,,,,,,,,,,,,,,,,,0.0,,,,,,,,,,,0.0,,,,,,,2.0,,took naps
2.0,0.0,,0.0,,,,,2.0,,,2.0,,,,,,,,,,,,,,,,,,,,,,2.0,2.0,,,,,,,,0.0,2.0,2.0,,,2.0,,,,,,,,,2.0,,0.0,,,,,,,2.0,,,0.0,,2.0,,,,,,,0.0,,,,2.0,,,,,,,2.0,,,,2.0,,,,2.0,,2.0,0.0,,2.0,2.0,,,,,,,2.0,,,,,2.0,2.0,2.0,,,,2.0,,2.0,2.0,,,2.0,2.0,,,2.0,,,2.0,,0.0,,2.0,,,,,,,,,,,2.0,,,,,2.0,,,,0.0,2.0,,,,,0.0,,,,,,,,,,0.0,2.0,,2.0,2.0,,,2.0,Corticosteroids
2.0,0.0,,0.0,,,,,2.0,,,2.0,,,,,,,,,,,,,,,,,,,,,,2.0,2.0,,,,,,,0.0,,2.0,2.0,,,2.0,,,,,,,,,2.0,,2.22044604925e-16,,,,,,,2.0,,,0.0,2.0,2.0,,,,0.0,,,0.0,,,,2.0,,,,,,,2.0,,,,2.0,,,,2.0,,2.0,0.0,,2.0,2.0,,,,,,,2.0,,,,,2.0,2.0,2.0,,,,2.0,,2.0,2.0,,,2.0,2.0,,,2.0,,,2.0,,2.22044604925e-16,,2.0,,,,,,,,,,,2.0,,,,,2.0,,,,0.0,2.0,,,,,0.0,,,,,,,,,,2.22044604925e-16,2.0,,2.0,2.0,,,2.0,Tretinoin
0.0,2.0,,2.0,,,,,0.0,,,0.0,,,,,,,,,,,,,,,,,,,,,,0.0,0.0,,,,,,,2.0,2.0,,0.0,,,0.0,,,,,,,,,0.0,,2.0,,,,,,,0.0,,,2.0,,0.0,,,,,,,2.0,,,,0.0,,,,,,,0.0,,,,0.0,,,,0.0,,0.0,2.0,,0.0,0.0,,,,,,,0.0,,,,,0.0,0.0,0.0,,,,0.0,,0.0,0.0,,,0.0,0.0,,,0.0,,,0.0,,2.0,,0.0,,,,,,,,,,,0.0,,,,,0.0,,,,2.0,0.0,,,,,2.0,,,,,,,,,,2.0,0.0,,0.0,0.0,,,0.0,picnic
0.0,2.0,,2.0,,,,,0.0,,,0.0,,,,,,,,,,,,,,,,,,,,,,0.0,0.0,,,,,,,2.0,2.0,0.0,,,,0.0,,,,,,,,,0.0,,2.0,,,,,,,0.0,,,2.0,0.0,0.0,,,,2.0,,,2.0,,,,0.0,,,,,,,0.0,,,,0.0,,,,0.0,,0.0,2.0,,0.0,0.0,,,,,,,0.0,,,,,0.0,0.0,0.0,,,,0.0,,0.0,0.0,,,0.0,0.0,,,0.0,,,0.0,,2.0,,0.0,,,,,,,,,,,0.0,,,,,0.0,,,,2.0,0.0,,,,,2.0,,,,,,,,,,2.0,0.0,,0.0,0.0,,,0.0,bed day
,,,,,,,0.0,,,,,,,,0.0,,,,0.0,0.0,,,0.0,,,,0.0,,,0.0,0.0,,,,0.0,0.0,,,,,,,,,,0.0,,,0.0,,,0.0,0.0,,,,,,,0.0,0.0,,,,,,0.0,,,,,0.0,,,,2.0,,,,,,,,0.0,,0.0,,,,,,,,,,,0.0,,,0.0,,,,,,0.0,0.0,0.0,,0.0,0.0,,,0.0,,,0.0,,,,,,,0.0,,,,,2.0,,0.0,0.0,,0.0,,,0.0,0.0,,,,,,0.0,0.0,0.0,0.0,,,,,,,,0.0,0.0,,0.0,,,,0.0,,,,,2.0,,,,,,,,,,,,,,bacon
,,,,,,,0.0,,,,,,,,0.0,,,,0.0,0.0,,,0.0,,,,0.0,,,0.0,0.0,,,,0.0,0.0,,,,,,,,,0.0,,,,0.0,,,0.0,0.0,,,,,,,0.0,0.0,,,,,,0.0,,,,,0.0,,,,2.0,,,,,,,,0.0,,0.0,,,,,,,,,,,0.0,,,0.0,,,,,,0.0,0.0,0.0,,0.0,0.0,,,0.0,,,0.0,,,,,,,0.0,,,,,2.0,,0.0,0.0,,0.0,,,0.0,0.0,,,,,,0.0,0.0,0.0,0.0,,,,,,,,0.0,0.0,,0.0,,,,0.0,,,,,2.0,,,,,,,,,,,,,,8.5 hours sleep
0.0,2.0,,2.0,,,,,0.0,,,0.0,,,,,,,,,,,,,,,,,,,,,,0.0,0.0,,,,,,,2.0,2.0,0.0,0.0,,,,,,,,,,,,0.0,,2.0,,,,,,,0.0,,,2.0,,0.0,,,,,,,2.0,,,,0.0,,,,,,,0.0,,,,0.0,,,,0.0,,0.0,2.0,,0.0,0.0,,,,,,,0.0,,,,,0.0,0.0,0.0,,,,0.0,,0.0,0.0,,,0.0,0.0,,,0.0,,,0.0,,2.0,,0.0,,,,,,,,,,,0.0,,,,,0.0,,,,2.0,0.0,,,,,2.0,,,,,,,,,,2.0,0.0,,0.0,0.0,,,0.0,drank wine
,,,,,,,,,,,,,,,,,,,,,,,,,,,,,,,,,,,,,,,,,,,,,,,,,,,,,,,,,,,,,,,,,,,,,,,,,,,,,,,,,,,,,,,,,,,,,,,,,,,,,,,,,,,,,,,,,,,,,,,,,,,,,,,,,,,,,,,,,,,,,,,,,,,,,,,,,,,,,,,,,,,,,,,,,,,,,,,,,,,,,Aromatherapy
,,,,,,,0.0,,,,,,,,0.0,,,,0.0,0.0,,,0.0,,,,0.0,,,0.0,0.0,,,,0.0,0.0,,,,,,,,,0.0,0.0,,,,,,0.0,0.0,,,,,,,0.0,0.0,,,,,,0.0,,,,,0.0,,,,2.0,,,,,,,,0.0,,0.0,,,,,,,,,,,0.0,,,0.0,,,,,,0.0,0.0,0.0,,0.0,0.0,,,0.0,,,0.0,,,,,,,0.0,,,,,2.0,,0.0,0.0,,0.0,,,0.0,0.0,,,,,,0.0,0.0,0.0,0.0,,,,,,,,0.0,0.0,,0.0,,,,0.0,,,,,2.0,,,,,,,,,,,,,,slept 7 hours
,,2.0,,,,,,,,,,0.0,0.0,0.0,,,,,,,,,,,0.0,0.0,,,,,,,,,,,,,2.0,,,,,,,,,,,,0.0,,,,,,,,,,,,,0.0,,,,,,,,,,,,,,,,,,,,2.0,,,,,,0.0,,,,0.0,,,,,,,,,,0.0,2.0,,,,,,,,,,,,,,,,,,,,,,,0.0,,,,,,,,,,,,,2.0,,0.0,,,,,,,0.0,,,,,,,,,,,,,,,,,,,0.0,2.0,0.0,,,,0.0,,,,,,knitting
,,2.0,,,,,,,,,,0.0,0.0,0.0,,,,,,,,,,,0.0,0.0,,,,,,,,,,,,,2.0,,,,,,,,,,,0.0,,,,,,,,,,,,,,0.0,,,,,,,,,,,,,,,,,,,,2.0,,,,,,0.0,,,,0.0,,,,,,,,,,0.0,2.0,,,,,,,,,,,,,,,,,,,,,,,0.0,,,,,,,,,,,,,2.0,,0.0,,,,,,,0.0,,,,,,,,,,,,,,,,,,,0.0,2.0,0.0,,,,0.0,,,,,,ice cream
,,,,,,2.0,0.0,,2.0,,,,,,0.0,,,,1.11022302463e-16,0.00837483850053,2.0,,0.0,,,,0.0,,0.0,0.0,4.16371515465e-05,,,,0.00461695552259,0.0,2.0,,,,,,,,0.0,0.0,,,0.0,,,,4.16371515465e-05,,,,2.0,,2.0,0.0,0.0,,,,,0.0,1.11022302463e-16,,,,,0.0,,,,0.0126075754258,,,2.0,,,,2.0,0.00461695552259,2.0,1.11022302463e-16,2.0,,,,,2.0,,,,,0.0,,,1.4941689455,,,,,,1.45783637168,0.0,0.0,,0.0,0.0,,,0.0,,,0.0,,,,,,,1.11022302463e-16,2.0,,,,2.0,,1.11022302463e-16,1.11022302463e-16,,0.0,,2.0,0.0,0.0,2.0,0.0,,,,0.0,1.11022302463e-16,1.11022302463e-16,1.11022302463e-16,,,,2.0,,,,0.09059571774,1.11022302463e-16,,0.0,0.0,,,1.11022302463e-16,,0.0,2.0,2.0,2.0,,,,,,,,,,,,,,Claritin
,,,,,,2.0,0.0,,2.0,,,,,,0.0,,,,4.16371515465e-05,0.00959466336049,2.0,,0.0,,,,0.0,,0.0,0.0,1.11022302463e-16,,,,0.0055342751072,0.0,2.0,,,,,,,,0.0,0.0,,,0.0,,,4.16371515465e-05,,,,,2.0,,2.0,0.0,0.0,,,,,0.0,4.16371515465e-05,,,,,0.0,,,,0.0112042174384,,,2.0,,,,2.0,0.0055342751072,2.0,4.16371515465e-05,2.0,,,,,2.0,,,,,0.0,,,1.50208166427,,,,,,1.46593010482,0.0,0.0,,0.0,0.0,,,0.0,,,0.0,,,,,,,4.16371515465e-05,2.0,,,,2.0,,4.16371515465e-05,4.16371515465e-05,,0.0,,2.0,0.0,0.0,2.0,0.0,,,,0.0,4.16371515465e-05,4.16371515465e-05,4.16371515465e-05,,,,2.0,,,,0.0944289496271,4.16371515465e-05,,0.0,0.0,,,4.16371515465e-05,,0.0,2.0,2.0,2.0,,,,,,,,,,,,,,Strattera
,,,,,,,,,,,,,,,,,,,,,,,,,,,,,,,,,,,,,,,,,,,,,,,,,,,,,,,,,,,,,,,,,,,,,,,,,,,,,,,,,,,,,,,,,,,,,,,,,,,,,,,,,,,,,,,,,,,,,,,,,,,,,,,,,,,,,,,,,,,,,,,,,,,,,,,,,,,,,,,,,,,,,,,,,,,,,,,,,,,,,Relaxing
,,,,,,,,,,,,,,,,,,,,,,,,,,,,,,,,,,,,,,,,,,,,,,,,,,,,,,,,,,,,,,,,,,,,,,,,,,,,,,,,,,,,,,,,,,,,,,,,,,,,,,,,,,,,,,,,,,,,,,,,,,,,,,,,,,,,,,,,,,,,,,,,,,,,,,,,,,,,,,,,,,,,,,,,,,,,,,,,,,,,,Low oxalate
0.0,2.0,,2.0,,,,,0.0,,,0.0,,,,,,,,,,,,,,,,,,,,,,0.0,0.0,,,,,,,2.0,2.0,0.0,0.0,,,0.0,,,,,,,,,,,2.0,,,,,,,0.0,,,2.0,,0.0,,,,,,,2.0,,,,0.0,,,,,,,0.0,,,,0.0,,,,0.0,,0.0,2.0,,0.0,0.0,,,,,,,0.0,,,,,0.0,0.0,0.0,,,,0.0,,0.0,0.0,,,0.0,0.0,,,0.0,,,0.0,,2.0,,0.0,,,,,,,,,,,0.0,,,,,0.0,,,,2.0,0.0,,,,,2.0,,,,,,,,,,2.0,0.0,,0.0,0.0,,,0.0,skipped meals
,,,,,,0.0,,,0.0,,,,,,,,,,2.0,2.0,0.0,,,,,,,,2.0,,2.0,,,,2.0,,0.0,,,,,,,,,,,,,,,2.0,2.0,,,,,,0.0,,,,,,,2.0,2.0,,,,,,,,,2.0,,,0.0,,,,0.0,2.0,0.0,2.0,0.0,,,,,0.0,,,,,,,,0.0,,,,,,0.0,,,,,,,,,,,,,,,,,,2.0,0.0,,,,,,2.0,2.0,,,,0.0,,,0.0,2.0,,,,,2.0,2.0,2.0,,,,0.0,,,,2.0,2.0,,,2.0,,,2.0,,2.0,0.0,0.0,,,,,,,,,,,,,,,Zofran
2.0,0.0,,0.0,,,,,2.0,,,2.0,,,,,,,,,,,,,,,,,,,,,,2.0,2.0,,,,,,,0.0,2.22044604925e-16,2.0,2.0,,,2.0,,,,,,,,,2.0,,,,,,,,,2.0,,,0.0,2.0,2.0,,,,0.0,,,0.0,,,,2.0,,,,,,,2.0,,,,2.0,,,,2.0,,2.0,0.0,,2.0,2.0,,,,,,,2.0,,,,,2.0,2.0,2.0,,,,2.0,,2.0,2.0,,,2.0,2.0,,,2.0,,,2.0,,2.22044604925e-16,,2.0,,,,,,,,,,,2.0,,,,,2.0,,,,0.0,2.0,,,,,0.0,,,,,,,,,,2.22044604925e-16,2.0,,2.0,2.0,,,2.0,Clinda-derm
,,,,,,0.0,,,0.0,,,,,,,,,,2.0,2.0,0.0,,,,,,,,2.0,,2.0,,,,2.0,,0.0,,,,,,,,,,,,,,,2.0,2.0,,,,0.0,,,,,,,,,2.0,2.0,,,,,,,,,2.0,,,0.0,,,,0.0,2.0,0.0,2.0,0.0,,,,,0.0,,,,,,,,0.0,,,,,,0.0,,,,,,,,,,,,,,,,,,2.0,0.0,,,,,,2.0,2.0,,,,0.0,,,0.0,2.0,,,,,2.0,2.0,2.0,,,,0.0,,,,2.0,2.0,,,2.0,,,2.0,,2.0,0.0,0.0,,,,,,,,,,,,,,,Hydroxyzine
,,,,,,,0.0,,,,,,,,0.0,,,,0.0,0.0,,,0.0,,,,0.0,,,0.0,0.0,,,,0.0,0.0,,,,,,,,,0.0,0.0,,,0.0,,,0.0,0.0,,,,,,,,0.0,,,,,,0.0,,,,,0.0,,,,2.0,,,,,,,,0.0,,0.0,,,,,,,,,,,0.0,,,0.0,,,,,,0.0,0.0,0.0,,0.0,0.0,,,0.0,,,0.0,,,,,,,0.0,,,,,2.0,,0.0,0.0,,0.0,,,0.0,0.0,,,,,,0.0,0.0,0.0,0.0,,,,,,,,0.0,0.0,,0.0,,,,0.0,,,,,2.0,,,,,,,,,,,,,,Synthroid
,,,,,,,0.0,,,,,,,,0.0,,,,0.0,0.0,,,0.0,,,,0.0,,,0.0,0.0,,,,0.0,0.0,,,,,,,,,0.0,0.0,,,0.0,,,0.0,0.0,,,,,,,0.0,,,,,,,0.0,,,,,0.0,,,,2.0,,,,,,,,0.0,,0.0,,,,,,,,,,,0.0,,,0.0,,,,,,0.0,0.0,0.0,,0.0,0.0,,,0.0,,,0.0,,,,,,,0.0,,,,,2.0,,0.0,0.0,,0.0,,,0.0,0.0,,,,,,0.0,0.0,0.0,0.0,,,,,,,,0.0,0.0,,0.0,,,,0.0,,,,,2.0,,,,,,,,,,,,,,12 hours sleep
,,,,,,,,,,,,,,,,,,,,,,,,,,,,,,,,,,,,,,,,,,,,,,,,,,,,,,,,,,,,,,,,,,,,,,,,,,,,,,0.0,,,,,,,,,,,,,,,,,,,,,,,,,,,,,,,,,,,,,,,,,,,,,,,,,,,,,,,,,,,,,,,,,,,,,,,,,,,,,,,,,,,,,,,,,,,,,,,,,,,,,,,Went to concert
,,,,,,,,,,,,,,,,,,,,,,,,,,,,,,,,,,,,,,,,,,,,,,,,,,,,,,,,,,,,,,,,,,,,,,,,,,,,,,,,,,,,,,,,,,,,,,,,,,,,,,,,,,,,,,,,,,,,,,,,,,,,,,,,,,,,,,,,,,,,,,,,,,,,,,,,,,,,,,,,,,,,,,,,,,,,,,,,,,,,,excedrin migraine
,,2.0,,,,,,,,,,0.0,0.0,0.0,,,,,,,,,,,0.0,0.0,,,,,,,,,,,,,2.0,,,,,,,,,,,0.0,0.0,,,,,,,,,,,,,,,,,,,,,,,,,,,,,,,,,2.0,,,,,,0.0,,,,0.0,,,,,,,,,,0.0,2.0,,,,,,,,,,,,,,,,,,,,,,,0.0,,,,,,,,,,,,,2.0,,0.0,,,,,,,0.0,,,,,,,,,,,,,,,,,,,0.0,2.0,0.0,,,,0.0,,,,,,yogurt
0.0,2.0,,2.0,,,,,0.0,,,0.0,,,,,,,,,,,,,,,,,,,,,,0.0,0.0,,,,,,,2.0,2.0,0.0,0.0,,,0.0,,,,,,,,,0.0,,2.0,,,,,,,,,,2.0,,0.0,,,,,,,2.0,,,,0.0,,,,,,,0.0,,,,0.0,,,,0.0,,0.0,2.0,,0.0,0.0,,,,,,,0.0,,,,,0.0,0.0,0.0,,,,0.0,,0.0,0.0,,,0.0,0.0,,,0.0,,,0.0,,2.0,,0.0,,,,,,,,,,,0.0,,,,,0.0,,,,2.0,0.0,,,,,2.0,,,,,,,,,,2.0,0.0,,0.0,0.0,,,0.0,exercise
,,,,,,2.0,,,2.0,,,,,,,,,,0.0,0.0,2.0,,,,,,,,0.0,,0.0,,,,0.0,,2.0,,,,,,,,,,,,,,,0.0,0.0,,,,2.0,,2.0,,,,,,,,0.0,,,,,,,,,0.0,,,2.0,,,,2.0,0.0,2.0,0.0,2.0,,,,,2.0,,,,,,,,2.0,,,,,,2.0,,,,,,,,,,,,,,,,,,0.0,2.0,,,,,,0.0,0.0,,,,2.0,,,2.0,0.0,,,,,0.0,0.0,0.0,,,,2.0,,,,0.0,0.0,,,0.0,,,0.0,,0.0,2.0,2.0,,,,,,,,,,,,,,,Post-op ice device
,,,,,,2.0,0.0,,2.0,,,,,,0.0,,,,1.11022302463e-16,0.00837483850053,2.0,,0.0,,,,0.0,,0.0,0.0,4.16371515465e-05,,,,0.00461695552259,0.0,2.0,,,,,,,,0.0,0.0,,,0.0,,,1.11022302463e-16,4.16371515465e-05,,,,2.0,,2.0,0.0,0.0,,,,,0.0,,,,,,0.0,,,,0.0126075754258,,,2.0,,,,2.0,0.00461695552259,2.0,1.11022302463e-16,2.0,,,,,2.0,,,,,0.0,,,1.4941689455,,,,,,1.45783637168,0.0,0.0,,0.0,0.0,,,0.0,,,0.0,,,,,,,1.11022302463e-16,2.0,,,,2.0,,1.11022302463e-16,1.11022302463e-16,,0.0,,2.0,0.0,0.0,2.0,0.0,,,,0.0,1.11022302463e-16,1.11022302463e-16,1.11022302463e-16,,,,2.0,,,,0.09059571774,1.11022302463e-16,,0.0,0.0,,,1.11022302463e-16,,0.0,2.0,2.0,2.0,,,,,,,,,,,,,,Vitamin C
2.0,0.0,,0.0,,,,,2.0,,,2.0,,,,,,,,,,,,,,,,,,,,,,2.0,2.0,,,,,,,0.0,0.0,2.0,2.0,,,2.0,,,,,,,,,2.0,,0.0,,,,,,,2.0,,,,,2.0,,,,,,,0.0,,,,2.0,,,,,,,2.0,,,,2.0,,,,2.0,,2.0,0.0,,2.0,2.0,,,,,,,2.0,,,,,2.0,2.0,2.0,,,,2.0,,2.0,2.0,,,2.0,2.0,,,2.0,,,2.0,,0.0,,2.0,,,,,,,,,,,2.0,,,,,2.0,,,,0.0,2.0,,,,,0.0,,,,,,,,,,0.0,2.0,,2.0,2.0,,,2.0,Vitamin B
,,,,,,,,,,,,,,,,,,,,,,,,,,,,,,,,,,,,,,,,,,2.0,,0.0,,,,,,,,,,,,,,2.0,,,,,,,,,,,,,,,,2.0,,,,,,,,,,,,,,,,,,,,,,,,,,,,,,,,,,,,,,,,,,,,,,,,,,,,,,,,,,,,,2.0,,,,,,,,,,,,,,,,,,,,,,,,,,,,,,,,,,,,,,2.0,,,,,,,,listen to music 
0.0,2.0,,2.0,,,,,0.0,,,0.0,,,,,,,,,,,,,,,,,,,,,,0.0,0.0,,,,,,,2.0,2.0,0.0,0.0,,,0.0,,,,,,,,,0.0,,2.0,,,,,,,0.0,,,2.0,,,,,,,,,2.0,,,,0.0,,,,,,,0.0,,,,0.0,,,,0.0,,0.0,2.0,,0.0,0.0,,,,,,,0.0,,,,,0.0,0.0,0.0,,,,0.0,,0.0,0.0,,,0.0,0.0,,,0.0,,,0.0,,2.0,,0.0,,,,,,,,,,,0.0,,,,,0.0,,,,2.0,0.0,,,,,2.0,,,,,,,,,,2.0,0.0,,0.0,0.0,,,0.0,ate salsa
,,,,,,,,,,,,,,,,,,,,,,,,,,,,,,,,,,,,,,,,,,,,,,,,,,,,,,,,,,,,,,,,,,,,,,,,,,,,,,,,,,,,,,,,,,,,,,,,,,,,,,,,,,,,,,,,,,,,,,,,,,,,,,,,,,,,,,,,,,,,,,,,,,,,,,,,,,,,,,,,,,,,,,,,,,,,,,,,,,,,,Tavegyl
,,,,,,,0.0,,,,,,,,0.0,,,,0.0,0.0,,,0.0,,,,0.0,,,0.0,0.0,,,,0.0,0.0,,,,,,,,,0.0,0.0,,,0.0,,,0.0,0.0,,,,,,,0.0,0.0,,,,,,0.0,,,,,,,,,2.0,,,,,,,,0.0,,0.0,,,,,,,,,,,0.0,,,0.0,,,,,,0.0,0.0,0.0,,0.0,0.0,,,0.0,,,0.0,,,,,,,0.0,,,,,2.0,,0.0,0.0,,0.0,,,0.0,0.0,,,,,,0.0,0.0,0.0,0.0,,,,,,,,0.0,0.0,,0.0,,,,0.0,,,,,2.0,,,,,,,,,,,,,,Daytime nap
,,,,,,,,,,,,,,,,,2.0,,,,,,,2.0,,,,,,,,0.0,,,,,,0.0,,,,,,,,,,,,,,,,,,,,,,,,,,,,,,,,,,,,,2.0,,,,,,,,,,,,,,,,0.0,,,,,,,,,,,,0.0,,,,,,,,,,0.0,,,,,0.0,,,,,,,,,,,,,,,,,,,,,,,,,,,,,,,,,,,,,,,,,,2.0,,,,,,,,,,,,,,,,,,,,,5k steps
,,,,,,,,,,,,,,,,,,,,,,,,,,,,,,,,,,,,,,,,,,0.0,,2.0,,,,,,,,,,,,,,0.0,,,,,,,,,,,2.0,,,,,,,,,,,,,,,,,,,,,,,,,,,,,,,,,,,,,,,,,,,,,,,,,,,,,,,,,,,,,,,,,,0.0,,,,,,,,,,,,,,,,,,,,,,,,,,,,,,,,,,,,,,0.0,,,,,,,,Gabapentin
,,,,,0.0,,,,,0.0,,,,,,2.0,0.0,,,,,,,0.0,,,,,,,,2.0,,2.0,,,,2.0,,0.0,,,,,,,,,,,,,,,,,,,,,,,,,,,,,,,,,2.0,,,,,,,,,2.0,,,,,,,,,2.0,,2.0,,0.0,,,,,,,,2.0,,,,,,,,,,2.0,,,,,2.0,,,,,,,,,,,,,,,,,,,,,,,,,,,,,,,,,,,,,,,,,,0.0,0.0,,,,,,,,,,,0.0,,,,,,,2.0,,Maxalt
,,,,,,2.0,2.0,,2.0,,,,,,2.0,,,,0.0126075754258,0.041320062716,2.0,,2.0,,,,2.0,,0.0,2.0,0.0112042174384,,,,0.0323594989603,2.0,2.0,,,,,,,,2.0,2.0,,,2.0,,,0.0126075754258,0.0112042174384,,,,2.0,,2.0,2.0,2.0,,,,,0.0,0.0126075754258,,,,,2.0,,,,,,,2.0,,,,2.0,0.0323594989603,2.0,0.0126075754258,2.0,,,,,2.0,,,,,2.0,,,1.62555190679,,,,,,1.59279108512,2.0,2.0,,2.0,2.0,,,2.0,,,2.0,,,,,,,0.0126075754258,2.0,,,,0.0,,0.0126075754258,0.0126075754258,,2.0,,2.0,2.0,2.0,2.0,0.0,,,,2.0,0.0126075754258,0.0126075754258,0.0126075754258,,,,2.0,,,,0.167896638027,0.0126075754258,,2.0,0.0,,,0.0126075754258,,0.0,2.0,2.0,0.0,,,,,,,,,,,,,,Klonopin
2.0,0.0,,0.0,,,,,2.0,,,2.0,,,,,,,,,,,,,,,,,,,,,,2.0,2.0,,,,,,,0.0,0.0,2.0,2.0,,,2.0,,,,,,,,,2.0,,0.0,,,,,,,2.0,,,0.0,,2.0,,,,,,,,,,,2.0,,,,,,,2.0,,,,2.0,,,,2.0,,2.0,0.0,,2.0,2.0,,,,,,,2.0,,,,,2.0,2.0,2.0,,,,2.0,,2.0,2.0,,,2.0,2.0,,,2.0,,,2.0,,0.0,,2.0,,,,,,,,,,,2.0,,,,,2.0,,,,0.0,2.0,,,,,0.0,,,,,,,,,,0.0,2.0,,2.0,2.0,,,2.0,Medication
,,,,,,,,,,,,,,,,,,,,,,,,,,,,,,,,,,,,,,,,,,,,,,,,,,,,,,,,,,,,,,0.0,,,,,,,,,,,,,,,,,,,,,,,,,,,,,,,,,,,,,,,,,,,,,,,,,,,,,,,,,,,,,,,,,,,,,,,,,,,,,,,,,,,,,,,,,,,,,,,,,,,,,,,,,,,,,,,,,,,,,,,zoo
,,,,,,0.0,,,0.0,,,,,,,,,,2.0,2.0,0.0,,,,,,,,2.0,,2.0,,,,2.0,,0.0,,,,,,,,,,,,,,,2.0,2.0,,,,0.0,,0.0,,,,,,,2.0,2.0,,,,,,,,,2.0,,,,,,,0.0,2.0,0.0,2.0,0.0,,,,,0.0,,,,,,,,0.0,,,,,,0.0,,,,,,,,,,,,,,,,,,2.0,0.0,,,,,,2.0,2.0,,,,0.0,,,0.0,2.0,,,,,2.0,2.0,2.0,,,,0.0,,,,2.0,2.0,,,2.0,,,2.0,,2.0,0.0,0.0,,,,,,,,,,,,,,,CBD
,,,,,,,,,,,,,,,,,,,,,,,,,,,,,,,,,,,,,,,,,,,,,,,,,,,,,,,,,,,,,,,,,,,,,,,,,,,,,,,,,,,,,,,,,,,,,,,,,,,,,,,,,,,,,,,,,,,,,,,,,,,,,,,,,,,,,,,,,,,,,,,,,,,,,,,,,,,,,,,,,,,,,,,,,,,,,,,,,,,,,LUSH acne spot-treatment
0.0,2.0,,2.0,,,,,0.0,,,0.0,,,,,,,,,,,,,,,,,,,,,,0.0,0.0,,,,,,,2.0,2.0,0.0,0.0,,,0.0,,,,,,,,,0.0,,2.0,,,,,,,0.0,,,2.0,,0.0,,,,,,,2.0,,,,,,,,,,,0.0,,,,0.0,,,,0.0,,0.0,2.0,,0.0,0.0,,,,,,,0.0,,,,,0.0,0.0,0.0,,,,0.0,,0.0,0.0,,,0.0,0.0,,,0.0,,,0.0,,2.0,,0.0,,,,,,,,,,,0.0,,,,,0.0,,,,2.0,0.0,,,,,2.0,,,,,,,,,,2.0,0.0,,0.0,0.0,,,0.0,studied
,,,,,2.0,,,,,2.0,,,,,,0.0,,,,,,,,,,,,,,,,,,0.0,,,,,,2.0,,,,,,,,,,,,,,,,,,,,,,,,,,,,,,,,,,,2.0,,,,,,,,,,,,,,,,,,0.0,,2.0,,,,,,,,,,,,,,,,,,,,,,,,,,,,,,,,,,,,,,,,,,,,,,,,,,,,,,,,,,,,,,,,,,2.0,,,,,,,,,,,2.0,,,,,,,0.0,,fun shopping
,,,,,,0.0,,,0.0,,,,,,,,,,2.0,2.0,0.0,,,,,,,,2.0,,2.0,,,,2.0,,0.0,,,,,,,,,,,,,,,2.0,2.0,,,,0.0,,0.0,,,,,,,2.0,2.0,,,,,,,,,2.0,,,0.0,,,,,2.0,0.0,2.0,0.0,,,,,0.0,,,,,,,,0.0,,,,,,0.0,,,,,,,,,,,,,,,,,,2.0,0.0,,,,,,2.0,2.0,,,,0.0,,,0.0,2.0,,,,,2.0,2.0,2.0,,,,0.0,,,,2.0,2.0,,,2.0,,,2.0,,2.0,0.0,0.0,,,,,,,,,,,,,,,flaxseed and fybogel
,,0.0,,,,2.0,0.0,,2.0,,,2.0,2.0,2.0,0.0,,,,0.00461695552259,0.000557086686419,2.0,,0.0,,2.0,2.0,0.0,,0.0,0.0,0.0055342751072,,,,0.0,0.0,2.0,,0.0,,,,,,0.0,0.0,,,0.0,2.0,2.0,0.00461695552259,0.0055342751072,,,,2.0,,2.0,0.0,0.0,,,2.0,,0.0,0.00461695552259,,,,,0.0,,,,0.0323594989603,,,2.0,,,,2.0,,2.0,0.00461695552259,2.0,,,2.0,,2.0,,2.0,,,0.0,,,1.40844368401,,,,2.0,0.0,1.37039082881,0.0,0.0,,0.0,0.0,,,0.0,,,0.0,,,,,,,0.00461695552259,2.0,,,2.0,2.0,,0.00461695552259,0.00461695552259,,0.0,,2.0,0.0,0.0,2.0,0.0,0.0,,2.0,0.0,0.00461695552259,0.00461695552259,0.00461695552259,,,2.0,2.0,,,,0.0548740997172,0.00461695552259,,0.0,0.0,,,0.00461695552259,,0.0,2.0,2.0,2.0,,2.0,0.0,2.0,,,,2.0,,,,,,Vitamin b12
,,,,,,0.0,,,0.0,,,,,,,,,,2.0,2.0,0.0,,,,,,,,2.0,,2.0,,,,2.0,,0.0,,,,,,,,,,,,,,,2.0,2.0,,,,0.0,,0.0,,,,,,,2.0,2.0,,,,,,,,,2.0,,,0.0,,,,0.0,2.0,,2.0,0.0,,,,,0.0,,,,,,,,0.0,,,,,,0.0,,,,,,,,,,,,,,,,,,2.0,0.0,,,,,,2.0,2.0,,,,0.0,,,0.0,2.0,,,,,2.0,2.0,2.0,,,,0.0,,,,2.0,2.0,,,2.0,,,2.0,,2.0,0.0,0.0,,,,,,,,,,,,,,,bed late
,,,,,,2.0,0.0,,2.0,,,,,,0.0,,,,1.11022302463e-16,0.00837483850053,2.0,,0.0,,,,0.0,,0.0,0.0,4.16371515465e-05,,,,0.00461695552259,0.0,2.0,,,,,,,,0.0,0.0,,,0.0,,,1.11022302463e-16,4.16371515465e-05,,,,2.0,,2.0,0.0,0.0,,,,,0.0,1.11022302463e-16,,,,,0.0,,,,0.0126075754258,,,2.0,,,,2.0,0.00461695552259,2.0,,2.0,,,,,2.0,,,,,0.0,,,1.4941689455,,,,,,1.45783637168,0.0,0.0,,0.0,0.0,,,0.0,,,0.0,,,,,,,1.11022302463e-16,2.0,,,,2.0,,1.11022302463e-16,1.11022302463e-16,,0.0,,2.0,0.0,0.0,2.0,0.0,,,,0.0,1.11022302463e-16,1.11022302463e-16,1.11022302463e-16,,,,2.0,,,,0.09059571774,1.11022302463e-16,,0.0,0.0,,,1.11022302463e-16,,0.0,2.0,2.0,2.0,,,,,,,,,,,,,,Vitamin d
,,,,,,0.0,,,0.0,,,,,,,,,,2.0,2.0,0.0,,,,,,,,2.0,,2.0,,,,2.0,,0.0,,,,,,,,,,,,,,,2.0,2.0,,,,0.0,,0.0,,,,,,,2.0,2.0,,,,,,,,,2.0,,,0.0,,,,0.0,2.0,0.0,2.0,,,,,,0.0,,,,,,,,0.0,,,,,,0.0,,,,,,,,,,,,,,,,,,2.0,0.0,,,,,,2.0,2.0,,,,0.0,,,0.0,2.0,,,,,2.0,2.0,2.0,,,,0.0,,,,2.0,2.0,,,2.0,,,2.0,,2.0,0.0,0.0,,,,,,,,,,,,,,,Ice pack
0.0,2.0,,2.0,,,,,0.0,,,0.0,,,,,,,,,,,,,,,,,,,,,,0.0,0.0,,,,,,,2.0,2.0,0.0,0.0,,,0.0,,,,,,,,,0.0,,2.0,,,,,,,0.0,,,2.0,,0.0,,,,,,,2.0,,,,0.0,,,,,,,,,,,0.0,,,,0.0,,0.0,2.0,,0.0,0.0,,,,,,,0.0,,,,,0.0,0.0,0.0,,,,0.0,,0.0,0.0,,,0.0,0.0,,,0.0,,,0.0,,2.0,,0.0,,,,,,,,,,,0.0,,,,,0.0,,,,2.0,0.0,,,,,2.0,,,,,,,,,,2.0,0.0,,0.0,0.0,,,0.0,Late lunch
,,,,,,,,,,,,,,,,,,,,,,,,,,,,,,,,,,,,,,,,,,,,,,,,,,,,,,,,,,,,,,,,,,,,,,,,,,,,,,,,,,,,,,,,,,,,,,,,,,,,,,,,,,,,,,,,,,,,,,,,,,,,,,,,,,,,,,,,,,,,,,,,,,,,,,,,,,,,,,,,,,,,,,,,,,,,,,,,,,,,,massage
,,2.0,,,,,,,,,,0.0,0.0,0.0,,,,,,,,,,,0.0,0.0,,,,,,,,,,,,,2.0,,,,,,,,,,,0.0,0.0,,,,,,,,,,,,,0.0,,,,,,,,,,,,,,,,,,,,2.0,,,,,,,,,,0.0,,,,,,,,,,0.0,2.0,,,,,,,,,,,,,,,,,,,,,,,0.0,,,,,,,,,,,,,2.0,,0.0,,,,,,,0.0,,,,,,,,,,,,,,,,,,,0.0,2.0,0.0,,,,0.0,,,,,,no breakfast
,,,,,,,,,,,,,,,,,2.0,,,,,,,2.0,,,,,,,,0.0,,,,,,0.0,,,,,,,,,,,,,,,,,,,,,,,,,,,,,,,,,,,0.0,,2.0,,,,,,,,,,,,,,,,,,,,,,,,,,,,0.0,,,,,,,,,,0.0,,,,,0.0,,,,,,,,,,,,,,,,,,,,,,,,,,,,,,,,,,,,,,,,,,2.0,,,,,,,,,,,,,,,,,,,,,Pedicure
0.0,2.0,,2.0,,,0.0,,0.0,0.0,,0.0,,,,,,,,2.0,2.0,0.0,,,,,,,,2.0,,2.0,,0.0,0.0,2.0,,0.0,,,,2.0,2.0,0.0,0.0,,,0.0,,,,,2.0,2.0,,,0.0,0.0,2.0,0.0,,,,,,0.0,2.0,2.0,2.0,,0.0,,,,,,2.0,2.0,,0.0,,0.0,,0.0,2.0,0.0,2.0,0.0,0.0,,,,,,,,0.0,,0.0,2.0,0.0,0.0,0.0,,,,0.0,,,0.0,,,,,0.0,0.0,0.0,,,,0.0,,0.0,0.0,2.0,0.0,0.0,0.0,,,0.0,2.0,2.0,0.0,,2.0,0.0,0.0,,0.0,2.0,,,,,2.0,2.0,2.0,0.0,,,0.0,,0.0,,2.0,2.0,2.0,0.0,2.0,,,2.0,2.0,2.0,0.0,0.0,,,,,,,2.0,0.0,,0.0,0.0,,,0.0,physical therapy
,,,,,2.0,,,,,2.0,,,,,,0.0,,,,,,,,,,,,,,,,,,0.0,,,,,,2.0,,,,,,,,,,,,,,,,,,,,,,,,,,,,,,,,,,,2.0,,,,,,,0.0,,,,,,,,,,,,,2.0,,,,,,,,,,,,,,,,,,,,,,,,,,,,,,,,,,,,,,,,,,,,,,,,,,,,,,,,,,,,,,,,,,2.0,,,,,,,,,,,2.0,,,,,,,0.0,,took nap
,,2.0,,,,,,,,,,0.0,0.0,0.0,,,,,,,,,,,0.0,0.0,,,,,,,,,,,,,2.0,,,,,,,,,,,0.0,0.0,,,,,,,,,,,,,0.0,,,,,,,,,,,,,,,,,,,,2.0,,,,,,0.0,,,,,,,,,,,,,,0.0,2.0,,,,,,,,,,,,,,,,,,,,,,,0.0,,,,,,,,,,,,,2.0,,0.0,,,,,,,0.0,,,,,,,,,,,,,,,,,,,0.0,2.0,0.0,,,,0.0,,,,,,little breakfast
,,,,,0.0,,,,,0.0,,,,,,2.0,,,,,,,,,,,,,,,,,,2.0,,,,,,0.0,,,,,,,,,,,,,,,,,,,,,,,,,,,,,,,,,,,0.0,,,,,,,2.0,,,,,,,,,,,2.0,,,,,,,,,,,,,,,,,,,,,,,,,,,,,,,,,,,,,,,,,,,,,,,,,,,,,,,,,,,,,,,,,,,,0.0,,,,,,,,,,,0.0,,,,,,,2.0,,shopped
0.0,2.0,,2.0,,,,,0.0,,,0.0,,,,,,,,,,,,,,,,,,,,,,0.0,0.0,,,,,,,2.0,2.0,0.0,0.0,,,0.0,,,,,,,,,0.0,,2.0,,,,,,,0.0,,,2.0,,0.0,,,,,,,2.0,,,,0.0,,,,,,,0.0,,,,0.0,,,,,,0.0,2.0,,0.0,0.0,,,,,,,0.0,,,,,0.0,0.0,0.0,,,,0.0,,0.0,0.0,,,0.0,0.0,,,0.0,,,0.0,,2.0,,0.0,,,,,,,,,,,0.0,,,,,0.0,,,,2.0,0.0,,,,,2.0,,,,,,,,,,2.0,0.0,,0.0,0.0,,,0.0,acupuncture treatment
,,,,,,,0.0,,,,,,,,0.0,,,,0.0,0.0,,,0.0,,,,0.0,,,0.0,0.0,,,,0.0,0.0,,,,,,,,,0.0,0.0,,,0.0,,,0.0,0.0,,,,,,,0.0,0.0,,,,,,0.0,,,,,0.0,,,,2.0,,,,,,,,0.0,,0.0,,,,,,,,,,,,,,0.0,,,,,,0.0,0.0,0.0,,0.0,0.0,,,0.0,,,0.0,,,,,,,0.0,,,,,2.0,,0.0,0.0,,0.0,,,0.0,0.0,,,,,,0.0,0.0,0.0,0.0,,,,,,,,0.0,0.0,,0.0,,,,0.0,,,,,2.0,,,,,,,,,,,,,,Acupuncture
0.0,2.0,,2.0,,,,,0.0,,,0.0,,,,,,,,,,,,,,,,,,,,,,0.0,0.0,,,,,,,2.0,2.0,0.0,0.0,,,0.0,,,,,,,,,0.0,,2.0,,,,,,,0.0,,,2.0,,0.0,,,,,,,2.0,,,,0.0,,,,,,,0.0,,,,0.0,,,,0.0,,,2.0,,0.0,0.0,,,,,,,0.0,,,,,0.0,0.0,0.0,,,,0.0,,0.0,0.0,,,0.0,0.0,,,0.0,,,0.0,,2.0,,0.0,,,,,,,,,,,0.0,,,,,0.0,,,,2.0,0.0,,,,,2.0,,,,,,,,,,2.0,0.0,,0.0,0.0,,,0.0,ironing
2.0,0.0,,0.0,,,,,2.0,,,2.0,,,,,,,,,,,,,,,,,,,,,,2.0,2.0,,,,,,,0.0,0.0,2.0,2.0,,,2.0,,,,,,,,,2.0,,0.0,,,,,,,2.0,,,0.0,,2.0,,,,,,,0.0,,,,2.0,,,,,,,2.0,,,,2.0,,,,2.0,,2.0,,,2.0,2.0,,,,,,,2.0,,,,,2.0,2.0,2.0,,,,2.0,,2.0,2.0,,,2.0,2.0,,,2.0,,,2.0,,0.0,,2.0,,,,,,,,,,,2.0,,,,,2.0,,,,0.0,2.0,,,,,0.0,,,,,,,,,,0.0,2.0,,2.0,2.0,,,2.0,Metformin
,,,,,,0.0,0.0,,0.0,,,,,,0.0,,,,1.4941689455,1.37775237284,0.0,,0.0,,,,0.0,,2.0,0.0,1.50208166427,,,,1.40844368401,0.0,0.0,,,,,,,,0.0,0.0,,,0.0,,,1.4941689455,1.50208166427,,,,0.0,,0.0,0.0,0.0,,,,,2.0,1.4941689455,,,,,0.0,,,,1.62555190679,,,0.0,,,,0.0,1.40844368401,0.0,1.4941689455,0.0,,,,,0.0,,,,,0.0,,,,,,,,,0.000853493919454,0.0,0.0,,0.0,0.0,,,0.0,,,0.0,,,,,,,1.4941689455,0.0,,,,2.0,,1.4941689455,1.4941689455,,0.0,,0.0,0.0,0.0,0.0,2.0,,,,0.0,1.4941689455,1.4941689455,1.4941689455,,,,0.0,,,,1.08781854104,1.4941689455,,0.0,2.0,,,1.4941689455,,2.0,0.0,0.0,2.0,,,,,,,,,,,,,,9 hours sleep
0.0,2.0,,2.0,,,,,0.0,,,0.0,,,,,,,,,,,,,,,,,,,,,,0.0,0.0,,,,,,,2.0,2.0,0.0,0.0,,,0.0,,,,,,,,,0.0,,2.0,,,,,,,0.0,,,2.0,,0.0,,,,,,,2.0,,,,0.0,,,,,,,0.0,,,,0.0,,,,0.0,,0.0,2.0,,,0.0,,,,,,,0.0,,,,,0.0,0.0,0.0,,,,0.0,,0.0,0.0,,,0.0,0.0,,,0.0,,,0.0,,2.0,,0.0,,,,,,,,,,,0.0,,,,,0.0,,,,2.0,0.0,,,,,2.0,,,,,,,,,,2.0,0.0,,0.0,0.0,,,0.0,Went out on date
0.0,2.0,,2.0,,,,,0.0,,,0.0,,,,,,,,,,,,,,,,,,,,,,0.0,0.0,,,,,,,2.0,2.0,0.0,0.0,,,0.0,,,,,,,,,0.0,,2.0,,,,,,,0.0,,,2.0,,0.0,,,,,,,2.0,,,,0.0,,,,,,,0.0,,,,0.0,,,,0.0,,0.0,2.0,,0.0,,,,,,,,0.0,,,,,0.0,0.0,0.0,,,,0.0,,0.0,0.0,,,0.0,0.0,,,0.0,,,0.0,,2.0,,0.0,,,,,,,,,,,0.0,,,,,0.0,,,,2.0,0.0,,,,,2.0,,,,,,,,,,2.0,0.0,,0.0,0.0,,,0.0,vacation
,,,,,,,,,,,,,,,,,2.0,,,,,,,2.0,,,,,,,,0.0,,,,,,0.0,,,,,,,,,,,,,,,,,,,,,,,,,,,,,,,,,,,0.0,,2.0,,,,,,,,,,,,,,,,0.0,,,,,,,,,,,,,,,,,,,,,,0.0,,,,,0.0,,,,,,,,,,,,,,,,,,,,,,,,,,,,,,,,,,,,,,,,,,2.0,,,,,,,,,,,,,,,,,,,,,15K steps
,,2.0,,,,,,,,,,0.0,0.0,0.0,,,,,,,,,,,0.0,0.0,,,,,,,,,,,,,2.0,,,,,,,,,,,0.0,0.0,,,,,,,,,,,,,0.0,,,,,,,,,,,,,,,,,,,,2.0,,,,,,0.0,,,,0.0,,,,,,,,,,,2.0,,,,,,,,,,,,,,,,,,,,,,,0.0,,,,,,,,,,,,,2.0,,0.0,,,,,,,0.0,,,,,,,,,,,,,,,,,,,0.0,2.0,0.0,,,,0.0,,,,,,music
,,0.0,,,,,,,,,,2.0,2.0,2.0,,,,,,,,,,,2.0,2.0,,,,,,,,,,,,,0.0,,,,,,,,,,,2.0,2.0,,,,,,,,,,,,,2.0,,,,,,,,,,,,,,,,,,,,0.0,,,,,,2.0,,,,2.0,,,,,,,,,,2.0,,,,,,,,,,,,,,,,,,,,,,,,2.0,,,,,,,,,,,,,0.0,,2.0,,,,,,,2.0,,,,,,,,,,,,,,,,,,,2.0,0.0,2.0,,,,2.0,,,,,,Snooze
,,,,,,0.0,0.0,,0.0,,,,,,0.0,,,,1.45783637168,1.33918363636,0.0,,0.0,,,,0.0,,2.0,0.0,1.46593010482,,,,1.37039082881,0.0,0.0,,,,,,,,0.0,0.0,,,0.0,,,1.45783637168,1.46593010482,,,,0.0,,0.0,0.0,0.0,,,,,2.0,1.45783637168,,,,,0.0,,,,1.59279108512,,,0.0,,,,0.0,1.37039082881,0.0,1.45783637168,0.0,,,,,0.0,,,,,0.0,,,0.000853493919454,,,,,,,0.0,0.0,,0.0,0.0,,,0.0,,,0.0,,,,,,,1.45783637168,0.0,,,,2.0,,1.45783637168,1.45783637168,,0.0,,0.0,0.0,0.0,0.0,2.0,,,,0.0,1.45783637168,1.45783637168,1.45783637168,,,,0.0,,,,1.04659628537,1.45783637168,,0.0,2.0,,,1.45783637168,,2.0,0.0,0.0,2.0,,,,,,,,,,,,,,slept 11 hours
,,,,,,,0.0,,,,,,,,0.0,,,,0.0,0.0,,,0.0,,,,0.0,,,0.0,0.0,,,,0.0,0.0,,,,,,,,,0.0,0.0,,,0.0,,,0.0,0.0,,,,,,,0.0,0.0,,,,,,0.0,,,,,0.0,,,,2.0,,,,,,,,0.0,,0.0,,,,,,,,,,,0.0,,,0.0,,,,,,0.0,,0.0,,0.0,0.0,,,0.0,,,0.0,,,,,,,0.0,,,,,2.0,,0.0,0.0,,0.0,,,0.0,0.0,,,,,,0.0,0.0,0.0,0.0,,,,,,,,0.0,0.0,,0.0,,,,0.0,,,,,2.0,,,,,,,,,,,,,,CoQ10
,,,,,,,0.0,,,,,,,,0.0,,,,0.0,0.0,,,0.0,,,,0.0,,,0.0,0.0,,,,0.0,0.0,,,,,,,,,0.0,0.0,,,0.0,,,0.0,0.0,,,,,,,0.0,0.0,,,,,,0.0,,,,,0.0,,,,2.0,,,,,,,,0.0,,0.0,,,,,,,,,,,0.0,,,0.0,,,,,,0.0,0.0,,,0.0,0.0,,,0.0,,,0.0,,,,,,,0.0,,,,,2.0,,0.0,0.0,,0.0,,,0.0,0.0,,,,,,0.0,0.0,0.0,0.0,,,,,,,,0.0,0.0,,0.0,,,,0.0,,,,,2.0,,,,,,,,,,,,,,social gathering
0.0,2.0,,2.0,,,,,0.0,,,0.0,,,,,,,,,,,,,,,,,,,,,,0.0,0.0,,,,,,,2.0,2.0,0.0,0.0,,,0.0,,,,,,,,,0.0,,2.0,,,,,,,0.0,,,2.0,,0.0,,,,,,,2.0,,,,0.0,,,,,,,0.0,,,,0.0,,,,0.0,,0.0,2.0,,0.0,0.0,,,,,,,,,,,,0.0,0.0,0.0,,,,0.0,,0.0,0.0,,,0.0,0.0,,,0.0,,,0.0,,2.0,,0.0,,,,,,,,,,,0.0,,,,,0.0,,,,2.0,0.0,,,,,2.0,,,,,,,,,,2.0,0.0,,0.0,0.0,,,0.0,lots of desk work
,,,,,,,0.0,,,,,,,,0.0,,,,0.0,0.0,,,0.0,,,,0.0,,,0.0,0.0,,,,0.0,0.0,,,,,,,,,0.0,0.0,,,0.0,,,0.0,0.0,,,,,,,0.0,0.0,,,,,,0.0,,,,,0.0,,,,2.0,,,,,,,,0.0,,0.0,,,,,,,,,,,0.0,,,0.0,,,,,,0.0,0.0,0.0,,,0.0,,,0.0,,,0.0,,,,,,,0.0,,,,,2.0,,0.0,0.0,,0.0,,,0.0,0.0,,,,,,0.0,0.0,0.0,0.0,,,,,,,,0.0,0.0,,0.0,,,,0.0,,,,,2.0,,,,,,,,,,,,,,shopping
,,,,,,,0.0,,,,,,,,0.0,,,,0.0,0.0,,,0.0,,,,0.0,,,0.0,0.0,,,,0.0,0.0,,,,,,,,,0.0,0.0,,,0.0,,,0.0,0.0,,,,,,,0.0,0.0,,,,,,0.0,,,,,0.0,,,,2.0,,,,,,,,0.0,,0.0,,,,,,,,,,,0.0,,,0.0,,,,,,0.0,0.0,0.0,,0.0,,,,0.0,,,0.0,,,,,,,0.0,,,,,2.0,,0.0,0.0,,0.0,,,0.0,0.0,,,,,,0.0,0.0,0.0,0.0,,,,,,,,0.0,0.0,,0.0,,,,0.0,,,,,2.0,,,,,,,,,,,,,,gluten
,,,,,,,,,,,,,,,,,,,,,,,,,,,,,,,,,,,,,,,,,,,,,,,,,,,,,,,,,,,,,,,,,,,,,,,,,,,,,,,,,,,,,,,,,,,,,,,,,,,,,,,,,,,,,,,,,,,,,,,,,,,,,,,,,,,,,,,,,,,,,,,,,,,,,,,,,,,,,,,,,,,,,,,,,,,,,,,,,,,,,Trigger Points
,,,,,,,,,,,,,,,,,2.0,,,,,,,2.0,,,,,,,,0.0,,,,,,0.0,,,,,,,,,,,,,,,,,,,,,,,,,,,,,,,,,,,0.0,,2.0,,,,,,,,,,,,,,,,0.0,,,,,,,,,,,,0.0,,,,,,,,,,,,,,,0.0,,,,,,,,,,,,,,,,,,,,,,,,,,,,,,,,,,,,,,,,,,2.0,,,,,,,,,,,,,,,,,,,,,16K steps
0.0,2.0,,2.0,,,,0.0,0.0,,,0.0,,,,0.0,,,,0.0,0.0,,,0.0,,,,0.0,,,0.0,0.0,,0.0,0.0,0.0,0.0,,,,,2.0,2.0,0.0,0.0,0.0,0.0,0.0,,0.0,,,0.0,0.0,,,0.0,,2.0,,0.0,0.0,,,,0.0,,0.0,2.0,,0.0,,0.0,,,,2.0,2.0,,,,0.0,,,0.0,,0.0,,0.0,,,,0.0,,,,0.0,0.0,0.0,2.0,0.0,0.0,0.0,,,,0.0,0.0,0.0,0.0,0.0,0.0,,,,0.0,0.0,0.0,,,0.0,,0.0,0.0,0.0,,0.0,0.0,,2.0,0.0,0.0,0.0,0.0,0.0,2.0,,0.0329193858632,0.0,,,,,,0.0,0.0,0.0,0.0,0.0,,,,,0.0,,0.0,0.0,2.0,0.148307892939,,,,0.0,2.0,,,,2.0,,,,,,2.0,0.0,,0.0,0.0,,,0.0,crafting
0.0,2.0,,2.0,,,,,0.0,,,0.0,,,,,,,,,,,,,,,,,,,,,,0.0,0.0,,,,,,,2.0,2.0,0.0,0.0,,,0.0,,,,,,,,,0.0,,2.0,,,,,,,0.0,,,2.0,,0.0,,,,,,,2.0,,,,0.0,,,,,,,0.0,,,,0.0,,,,0.0,,0.0,2.0,,0.0,0.0,,,,,,,0.0,,,,,0.0,,0.0,,,,0.0,,0.0,0.0,,,0.0,0.0,,,0.0,,,0.0,,2.0,,0.0,,,,,,,,,,,0.0,,,,,0.0,,,,2.0,0.0,,,,,2.0,,,,,,,,,,2.0,0.0,,0.0,0.0,,,0.0,scary new shit
0.0,2.0,,2.0,,,,,0.0,,,0.0,,,,,,,,,,,,,,,,,,,,,,0.0,0.0,,,,,,,2.0,2.0,0.0,0.0,,,0.0,,,,,,,,,0.0,,2.0,,,,,,,0.0,,,2.0,,0.0,,,,,,,2.0,,,,0.0,,,,,,,0.0,,,,0.0,,,,0.0,,0.0,2.0,,0.0,0.0,,,,,,,0.0,,,,,0.0,0.0,,,,,0.0,,0.0,0.0,,,0.0,0.0,,,0.0,,,0.0,,2.0,,0.0,,,,,,,,,,,0.0,,,,,0.0,,,,2.0,0.0,,,,,2.0,,,,,,,,,,2.0,0.0,,0.0,0.0,,,0.0,bubble and squeak roast
,,,,,,,0.0,,,,,,,,0.0,,,,0.0,0.0,,,0.0,,,,0.0,,,0.0,0.0,,,,0.0,0.0,,,,,,,,,0.0,0.0,,,0.0,,,0.0,0.0,,,,,,,0.0,0.0,,,,,,0.0,,,,,0.0,,,,2.0,,,,,,,,0.0,,0.0,,,,,,,,,,,0.0,,,0.0,,,,,,0.0,0.0,0.0,,0.0,0.0,,,0.0,,,,,,,,,,0.0,,,,,2.0,,0.0,0.0,,0.0,,,0.0,0.0,,,,,,0.0,0.0,0.0,0.0,,,,,,,,0.0,0.0,,0.0,,,,0.0,,,,,2.0,,,,,,,,,,,,,,8.75 hours sleep
,,,,,,,,,,,,,,,,,2.0,,,,,,,2.0,,,,,,,,0.0,,,,,,0.0,,,,,,,,,,,,,,,,,,,,,,,,,,,,,,,,,,,0.0,,2.0,,,,,,,,,,,,,,,,0.0,,,,,,,,,,,,0.0,,,,,,,,,,0.0,,,,,,,,,,,,,,,,,,,,,,,,,,,,,,,,,,,,,,,,,,,,,,,2.0,,,,,,,,,,,,,,,,,,,,,2K steps
,,,,,,,,,,,,,,,,,,,,,,,,,,,,,,,,,,,,,,,,,,,,,,,,,,,,,,,,,,,,,,,,,,,,,,,,,,,,,,,,,,,,,,,,,,,,,,,,,,,,,,,,,,,,,,,,,,,,,,,,,,,,,,,,,,,,,,,,,,,,,,,,,,,,,,,,,,,,,,,,,,,,,,,,,,,,,,,,,,,,,Tranexamic acid
0.0,2.0,,2.0,,,,,0.0,,,0.0,,,,,,,,,,,,,,,,,,,,,,0.0,0.0,,,,,,,2.0,2.0,0.0,0.0,,,0.0,,,,,,,,,0.0,,2.0,,,,,,,0.0,,,2.0,,0.0,,,,,,,2.0,,,,0.0,,,,,,,0.0,,,,0.0,,,,0.0,,0.0,2.0,,0.0,0.0,,,,,,,0.0,,,,,0.0,0.0,0.0,,,,,,0.0,0.0,,,0.0,0.0,,,0.0,,,0.0,,2.0,,0.0,,,,,,,,,,,0.0,,,,,0.0,,,,2.0,0.0,,,,,2.0,,,,,,,,,,2.0,0.0,,0.0,0.0,,,0.0,slimfast
,,,,,,,,,,,,,,,,,,,,,,,,,,,,,,,,,,,,,,,,,,,,,,,,,,,,,,,,,,,,,,,,,,,,,,,,,,,,,,,,,,,,,,,,,,,,,,,,,,,,,,,,,,,,,,,,,,,,,,,,,,,,,,,,,,,,,,,,,,,,,,,,,,,,,,,,,,,,,,,,,,,,,,,,,,,,,,,,,,,,,rebounding
0.0,2.0,,2.0,,,,,0.0,,,0.0,,,,,,,,,,,,,,,,,,,,,,0.0,0.0,,,,,,,2.0,2.0,0.0,0.0,,,0.0,,,,,,,,,0.0,,2.0,,,,,,,0.0,,,2.0,,0.0,,,,,,,2.0,,,,0.0,,,,,,,0.0,,,,0.0,,,,0.0,,0.0,2.0,,0.0,0.0,,,,,,,0.0,,,,,0.0,0.0,0.0,,,,0.0,,,0.0,,,0.0,0.0,,,0.0,,,0.0,,2.0,,0.0,,,,,,,,,,,0.0,,,,,0.0,,,,2.0,0.0,,,,,2.0,,,,,,,,,,2.0,0.0,,0.0,0.0,,,0.0,Gardening
0.0,2.0,,2.0,,,,,0.0,,,0.0,,,,,,,,,,,,,,,,,,,,,,0.0,0.0,,,,,,,2.0,2.0,0.0,0.0,,,0.0,,,,,,,,,0.0,,2.0,,,,,,,0.0,,,2.0,,0.0,,,,,,,2.0,,,,0.0,,,,,,,0.0,,,,0.0,,,,0.0,,0.0,2.0,,0.0,0.0,,,,,,,0.0,,,,,0.0,0.0,0.0,,,,0.0,,0.0,,,,0.0,0.0,,,0.0,,,0.0,,2.0,,0.0,,,,,,,,,,,0.0,,,,,0.0,,,,2.0,0.0,,,,,2.0,,,,,,,,,,2.0,0.0,,0.0,0.0,,,0.0,exercised
,,,,,,2.0,0.0,,2.0,,,,,,0.0,,,,1.11022302463e-16,0.00837483850053,2.0,,0.0,,,,0.0,,0.0,0.0,4.16371515465e-05,,,,0.00461695552259,0.0,2.0,,,,,,,,0.0,0.0,,,0.0,,,1.11022302463e-16,4.16371515465e-05,,,,2.0,,2.0,0.0,0.0,,,,,0.0,1.11022302463e-16,,,,,0.0,,,,0.0126075754258,,,2.0,,,,2.0,0.00461695552259,2.0,1.11022302463e-16,2.0,,,,,2.0,,,,,0.0,,,1.4941689455,,,,,,1.45783637168,0.0,0.0,,0.0,0.0,,,0.0,,,0.0,,,,,,,,2.0,,,,2.0,,1.11022302463e-16,1.11022302463e-16,,0.0,,2.0,0.0,0.0,2.0,0.0,,,,0.0,1.11022302463e-16,1.11022302463e-16,1.11022302463e-16,,,,2.0,,,,0.09059571774,1.11022302463e-16,,0.0,0.0,,,1.11022302463e-16,,0.0,2.0,2.0,2.0,,,,,,,,,,,,,,Singulair
,,,,,,0.0,,,0.0,,,,,,,,,,2.0,2.0,0.0,,,,,,,,2.0,,2.0,,,,2.0,,0.0,,,,,,,,,,,,,,,2.0,2.0,,,,0.0,,0.0,,,,,,,2.0,2.0,,,,,,,,,2.0,,,0.0,,,,0.0,2.0,0.0,2.0,0.0,,,,,0.0,,,,,,,,0.0,,,,,,0.0,,,,,,,,,,,,,,,,,,2.0,,,,,,,2.0,2.0,,,,0.0,,,0.0,2.0,,,,,2.0,2.0,2.0,,,,0.0,,,,2.0,2.0,,,2.0,,,2.0,,2.0,0.0,0.0,,,,,,,,,,,,,,,stool softener
0.0,2.0,,2.0,,,,,0.0,,,0.0,,,,,,,,,,,,,,,,,,,,,,0.0,0.0,,,,,,,2.0,2.0,0.0,0.0,,,0.0,,,,,,,,,0.0,,2.0,,,,,,,0.0,,,2.0,,0.0,,,,,,,2.0,,,,0.0,,,,,,,0.0,,,,0.0,,,,0.0,,0.0,2.0,,0.0,0.0,,,,,,,0.0,,,,,0.0,0.0,0.0,,,,0.0,,0.0,0.0,,,,0.0,,,0.0,,,0.0,,2.0,,0.0,,,,,,,,,,,0.0,,,,,0.0,,,,2.0,0.0,,,,,2.0,,,,,,,,,,2.0,0.0,,0.0,0.0,,,0.0,not great sleep
0.0,2.0,,2.0,,,,,0.0,,,0.0,,,,,,,,,,,,,,,,,,,,,,0.0,0.0,,,,,,,2.0,2.0,0.0,0.0,,,0.0,,,,,,,,,0.0,,2.0,,,,,,,0.0,,,2.0,,0.0,,,,,,,2.0,,,,0.0,,,,,,,0.0,,,,0.0,,,,0.0,,0.0,2.0,,0.0,0.0,,,,,,,0.0,,,,,0.0,0.0,0.0,,,,0.0,,0.0,0.0,,,0.0,,,,0.0,,,0.0,,2.0,,0.0,,,,,,,,,,,0.0,,,,,0.0,,,,2.0,0.0,,,,,2.0,,,,,,,,,,2.0,0.0,,0.0,0.0,,,0.0,banana
,,2.0,,,,,,,,,,0.0,0.0,0.0,,,,,,,,,,,0.0,0.0,,,,,,,,,,,,,2.0,,,,,,,,,,,0.0,0.0,,,,,,,,,,,,,0.0,,,,,,,,,,,,,,,,,,,,2.0,,,,,,0.0,,,,0.0,,,,,,,,,,0.0,2.0,,,,,,,,,,,,,,,,,,,,,,,,,,,,,,,,,,,,2.0,,0.0,,,,,,,0.0,,,,,,,,,,,,,,,,,,,0.0,2.0,0.0,,,,0.0,,,,,,donut
,,,,,,,2.0,,,,,,,,2.0,,,,2.0,2.0,,,2.0,,,,2.0,,,2.0,2.0,,,,2.0,2.0,,,,,,,,,2.0,2.0,,,2.0,,,2.0,2.0,,,,,,,2.0,2.0,,,,,,2.0,,,,,2.0,,,,0.0,,,,,,,,2.0,,2.0,,,,,,,,,,,2.0,,,2.0,,,,,,2.0,2.0,2.0,,2.0,2.0,,,2.0,,,2.0,,,,,,,2.0,,,,,,,2.0,2.0,,2.0,,,2.0,2.0,,,,,,2.0,2.0,2.0,2.0,,,,,,,,2.0,2.0,,2.0,,,,2.0,,,,,0.0,,,,,,,,,,,,,,Allergy Shots
0.0,2.0,,2.0,,,,,0.0,,,0.0,,,,,,,,,,,,,,,,,,,,,,0.0,0.0,,,,,,,2.0,2.0,0.0,0.0,,,0.0,,,,,,,,,0.0,,2.0,,,,,,,0.0,,,2.0,,0.0,,,,,,,2.0,,,,0.0,,,,,,,0.0,,,,0.0,,,,0.0,,0.0,2.0,,0.0,0.0,,,,,,,0.0,,,,,0.0,0.0,0.0,,,,0.0,,0.0,0.0,,,0.0,0.0,,,,,,0.0,,2.0,,0.0,,,,,,,,,,,0.0,,,,,0.0,,,,2.0,0.0,,,,,2.0,,,,,,,,,,2.0,0.0,,0.0,0.0,,,0.0,bbq
,,,,,,2.0,0.0,,2.0,,,,,,0.0,,,,1.11022302463e-16,0.00837483850053,2.0,,0.0,,,,0.0,,0.0,0.0,4.16371515465e-05,,,,0.00461695552259,0.0,2.0,,,,,,,,0.0,0.0,,,0.0,,,1.11022302463e-16,4.16371515465e-05,,,,2.0,,2.0,0.0,0.0,,,,,0.0,1.11022302463e-16,,,,,0.0,,,,0.0126075754258,,,2.0,,,,2.0,0.00461695552259,2.0,1.11022302463e-16,2.0,,,,,2.0,,,,,0.0,,,1.4941689455,,,,,,1.45783637168,0.0,0.0,,0.0,0.0,,,0.0,,,0.0,,,,,,,1.11022302463e-16,2.0,,,,2.0,,,1.11022302463e-16,,0.0,,2.0,0.0,0.0,2.0,0.0,,,,0.0,1.11022302463e-16,1.11022302463e-16,1.11022302463e-16,,,,2.0,,,,0.09059571774,1.11022302463e-16,,0.0,0.0,,,1.11022302463e-16,,0.0,2.0,2.0,2.0,,,,,,,,,,,,,,Zinc
,,,,,,2.0,0.0,,2.0,,,,,,0.0,,,,1.11022302463e-16,0.00837483850053,2.0,,0.0,,,,0.0,,0.0,0.0,4.16371515465e-05,,,,0.00461695552259,0.0,2.0,,,,,,,,0.0,0.0,,,0.0,,,1.11022302463e-16,4.16371515465e-05,,,,2.0,,2.0,0.0,0.0,,,,,0.0,1.11022302463e-16,,,,,0.0,,,,0.0126075754258,,,2.0,,,,2.0,0.00461695552259,2.0,1.11022302463e-16,2.0,,,,,2.0,,,,,0.0,,,1.4941689455,,,,,,1.45783637168,0.0,0.0,,0.0,0.0,,,0.0,,,0.0,,,,,,,1.11022302463e-16,2.0,,,,2.0,,1.11022302463e-16,,,0.0,,2.0,0.0,0.0,2.0,0.0,,,,0.0,1.11022302463e-16,1.11022302463e-16,1.11022302463e-16,,,,2.0,,,,0.09059571774,1.11022302463e-16,,0.0,0.0,,,1.11022302463e-16,,0.0,2.0,2.0,2.0,,,,,,,,,,,,,,Melatonin
0.0,2.0,,2.0,,,,,0.0,,,0.0,,,,,,,,,,,,,,,,,,,,,,0.0,0.0,,,,,,,2.0,2.0,0.0,0.0,,,0.0,,,,,,,,,0.0,,2.0,,,,,,,0.0,,,2.0,,0.0,,,,,,,2.0,,,,0.0,,,,,,,0.0,,,,0.0,,,,0.0,,0.0,2.0,,0.0,0.0,,,,,,,0.0,,,,,0.0,0.0,0.0,,,,0.0,,0.0,0.0,,,0.0,0.0,,,0.0,,,,,2.0,,0.0,,,,,,,,,,,0.0,,,,,0.0,,,,2.0,0.0,,,,,2.0,,,,,,,,,,2.0,0.0,,0.0,0.0,,,0.0,soft drink
,,,,,,,0.0,,,,,,,,0.0,,,,0.0,0.0,,,0.0,,,,0.0,,,0.0,0.0,,,,0.0,0.0,,,,,,,,,0.0,0.0,,,0.0,,,0.0,0.0,,,,,,,0.0,0.0,,,,,,0.0,,,,,0.0,,,,2.0,,,,,,,,0.0,,0.0,,,,,,,,,,,0.0,,,0.0,,,,,,0.0,0.0,0.0,,0.0,0.0,,,0.0,,,0.0,,,,,,,0.0,,,,,2.0,,0.0,0.0,,,,,0.0,0.0,,,,,,0.0,0.0,0.0,0.0,,,,,,,,0.0,0.0,,0.0,,,,0.0,,,,,2.0,,,,,,,,,,,,,,10.5 hours sleep
2.0,0.0,,0.0,,,,,2.0,,,2.0,,,,,,,,,,,,,,,,,,,,,,2.0,2.0,,,,,,,0.0,2.22044604925e-16,2.0,2.0,,,2.0,,,,,,,,,2.0,,2.22044604925e-16,,,,,,,2.0,,,0.0,2.0,2.0,,,,0.0,,,0.0,,,,2.0,,,,,,,2.0,,,,2.0,,,,2.0,,2.0,0.0,,2.0,2.0,,,,,,,2.0,,,,,2.0,2.0,2.0,,,,2.0,,2.0,2.0,,,2.0,2.0,,,2.0,,,2.0,,,,2.0,,,,,,,,,,,2.0,,,,,2.0,,,,0.0,2.0,,,,,0.0,,,,,,,,,,2.22044604925e-16,2.0,,2.0,2.0,,,2.0,Dicyclomine
,,,,,,0.0,,,0.0,,,,,,,,,,2.0,2.0,0.0,,,,,,,,2.0,,2.0,,,,2.0,,0.0,,,,,,,,,,,,,,,2.0,2.0,,,,0.0,,0.0,,,,,,,2.0,2.0,,,,,,,,,2.0,,,0.0,,,,0.0,2.0,0.0,2.0,0.0,,,,,0.0,,,,,,,,0.0,,,,,,0.0,,,,,,,,,,,,,,,,,,2.0,0.0,,,,,,2.0,2.0,,,,,,,0.0,2.0,,,,,2.0,2.0,2.0,,,,0.0,,,,2.0,2.0,,,2.0,,,2.0,,2.0,0.0,0.0,,,,,,,,,,,,,,,Alcohol
0.0,2.0,,2.0,,,,0.0,0.0,,,0.0,,,,0.0,,,,0.0,0.0,,,0.0,,,,0.0,,,0.0,0.0,,0.0,0.0,0.0,0.0,,,,,2.0,2.0,0.0,0.0,0.0,0.0,0.0,,0.0,,,0.0,0.0,,,0.0,,2.0,,0.0,0.0,,,,0.0,,0.0,2.0,,0.0,,0.0,,,,2.0,2.0,,,,0.0,,,0.0,,0.0,,0.0,,,,0.0,,,,0.0,0.0,0.0,2.0,0.0,0.0,0.0,,,,0.0,0.0,0.0,0.0,0.0,0.0,,,0.0329193858632,0.0,0.0,0.0,,,0.0,,0.0,0.0,0.0,,0.0,0.0,,2.0,0.0,0.0,0.0,0.0,0.0,2.0,,,0.0,,,,,,0.0,0.0,0.0,0.0,0.0,,,,,0.0,,0.0,0.0,2.0,0.042991867953,,,,0.0,2.0,,,,2.0,,,,,,2.0,0.0,,0.0,0.0,,,0.0,allergy shot
,,,,,,,0.0,,,,,,,,0.0,,,,0.0,0.0,,,0.0,,,,0.0,,,0.0,0.0,,,,0.0,0.0,,,,,,,,,0.0,0.0,,,0.0,,,0.0,0.0,,,,,,,0.0,0.0,,,,,,0.0,,,,,0.0,,,,2.0,,,,,,,,0.0,,0.0,,,,,,,,,,,0.0,,,0.0,,,,,,0.0,0.0,0.0,,0.0,0.0,,,0.0,,,0.0,,,,,,,0.0,,,,,2.0,,0.0,0.0,,0.0,,,0.0,,,,,,,0.0,0.0,0.0,0.0,,,,,,,,0.0,0.0,,0.0,,,,0.0,,,,,2.0,,,,,,,,,,,,,,slept 8 hours!
,,,,,,0.0,,,0.0,,,,,,,,,,2.0,2.0,0.0,,,,,,,,2.0,,2.0,,,,2.0,,0.0,,,,,,,,,,,,,,,2.0,2.0,,,,0.0,,0.0,,,,,,,2.0,2.0,,,,,,,,,2.0,,,0.0,,,,0.0,2.0,0.0,2.0,0.0,,,,,0.0,,,,,,,,0.0,,,,,,0.0,,,,,,,,,,,,,,,,,,2.0,0.0,,,,,,2.0,2.0,,,,0.0,,,,2.0,,,,,2.0,2.0,2.0,,,,0.0,,,,2.0,2.0,,,2.0,,,2.0,,2.0,0.0,0.0,,,,,,,,,,,,,,,small breakfast
,,,,,,2.0,,,2.0,,,,,,,,,,0.0,0.0,2.0,,,,,,,,0.0,,0.0,,,,0.0,,2.0,,,,,,,,,,,,,,,0.0,0.0,,,,2.0,,2.0,,,,,,,0.0,0.0,,,,,,,,,0.0,,,2.0,,,,2.0,0.0,2.0,0.0,2.0,,,,,2.0,,,,,,,,2.0,,,,,,2.0,,,,,,,,,,,,,,,,,,0.0,2.0,,,,,,0.0,0.0,,,,2.0,,,2.0,,,,,,0.0,0.0,0.0,,,,2.0,,,,0.0,0.0,,,0.0,,,0.0,,0.0,2.0,2.0,,,,,,,,,,,,,,,Sunlight
,,0.0,,,,,,,,,,2.0,2.0,2.0,,,,,,,,,,,2.0,2.0,,,,,,,,,,,,,0.0,,,,,,,,,,,2.0,2.0,,,,,,,,,,,,,2.0,,,,,,,,,,,,,,,,,,,,0.0,,,,,,2.0,,,,2.0,,,,,,,,,,2.0,0.0,,,,,,,,,,,,,,,,,,,,,,,2.0,,,,,,,,,,,,,,,2.0,,,,,,,2.0,,,,,,,,,,,,,,,,,,,2.0,0.0,2.0,,,,2.0,,,,,,Nap
,,,,,,,,,,,,,,,,,,,,,,,,,,,,,,,,,,,,,,,,,,,,,,,,,,,,,,,,,,,,,,,,,,,,,,,,,,,,,,,,,,,,,,,,,,,,,,,,,,,,,,,,,,,,,,,,,,,,,,,,,,,,,,,,,,,,,,,,,,,,,,,,,,,,,,,,,,,,,,,,,,,,,,,,,,,,,,,,,,,,,Pantoprazole
,,2.0,,,,,,,,,,0.0,0.0,0.0,,,,,,,,,,,0.0,0.0,,,,,,,,,,,,,2.0,,,,,,,,,,,0.0,0.0,,,,,,,,,,,,,0.0,,,,,,,,,,,,,,,,,,,,2.0,,,,,,0.0,,,,0.0,,,,,,,,,,0.0,2.0,,,,,,,,,,,,,,,,,,,,,,,0.0,,,,,,,,,,,,,2.0,,,,,,,,,0.0,,,,,,,,,,,,,,,,,,,0.0,2.0,0.0,,,,0.0,,,,,,snack lunch
,,,,,,,0.0,,,,,,,,0.0,,,,0.0,0.0,,,0.0,,,,0.0,,,0.0,0.0,,,,0.0,0.0,,,,,,,,,0.0,0.0,,,0.0,,,0.0,0.0,,,,,,,0.0,0.0,,,,,,0.0,,,,,0.0,,,,2.0,,,,,,,,0.0,,0.0,,,,,,,,,,,0.0,,,0.0,,,,,,0.0,0.0,0.0,,0.0,0.0,,,0.0,,,0.0,,,,,,,0.0,,,,,2.0,,0.0,0.0,,0.0,,,0.0,0.0,,,,,,,0.0,0.0,0.0,,,,,,,,0.0,0.0,,0.0,,,,0.0,,,,,2.0,,,,,,,,,,,,,,birth control
,,,,,,2.0,0.0,,2.0,,,,,,0.0,,,,1.11022302463e-16,0.00837483850053,2.0,,0.0,,,,0.0,,0.0,0.0,4.16371515465e-05,,,,0.00461695552259,0.0,2.0,,,,,,,,0.0,0.0,,,0.0,,,1.11022302463e-16,4.16371515465e-05,,,,2.0,,2.0,0.0,0.0,,,,,0.0,1.11022302463e-16,,,,,0.0,,,,0.0126075754258,,,2.0,,,,2.0,0.00461695552259,2.0,1.11022302463e-16,2.0,,,,,2.0,,,,,0.0,,,1.4941689455,,,,,,1.45783637168,0.0,0.0,,0.0,0.0,,,0.0,,,0.0,,,,,,,1.11022302463e-16,2.0,,,,2.0,,1.11022302463e-16,1.11022302463e-16,,0.0,,2.0,0.0,0.0,2.0,0.0,,,,0.0,,1.11022302463e-16,1.11022302463e-16,,,,2.0,,,,0.09059571774,1.11022302463e-16,,0.0,0.0,,,1.11022302463e-16,,0.0,2.0,2.0,2.0,,,,,,,,,,,,,,Magnesium glycinate
,,,,,,2.0,0.0,,2.0,,,,,,0.0,,,,1.11022302463e-16,0.00837483850053,2.0,,0.0,,,,0.0,,0.0,0.0,4.16371515465e-05,,,,0.00461695552259,0.0,2.0,,,,,,,,0.0,0.0,,,0.0,,,1.11022302463e-16,4.16371515465e-05,,,,2.0,,2.0,0.0,0.0,,,,,0.0,1.11022302463e-16,,,,,0.0,,,,0.0126075754258,,,2.0,,,,2.0,0.00461695552259,2.0,1.11022302463e-16,2.0,,,,,2.0,,,,,0.0,,,1.4941689455,,,,,,1.45783637168,0.0,0.0,,0.0,0.0,,,0.0,,,0.0,,,,,,,1.11022302463e-16,2.0,,,,2.0,,1.11022302463e-16,1.11022302463e-16,,0.0,,2.0,0.0,0.0,2.0,0.0,,,,0.0,1.11022302463e-16,,1.11022302463e-16,,,,2.0,,,,0.09059571774,1.11022302463e-16,,0.0,0.0,,,1.11022302463e-16,,0.0,2.0,2.0,2.0,,,,,,,,,,,,,,5-htp
,,,,,,2.0,0.0,,2.0,,,,,,0.0,,,,1.11022302463e-16,0.00837483850053,2.0,,0.0,,,,0.0,,0.0,0.0,4.16371515465e-05,,,,0.00461695552259,0.0,2.0,,,,,,,,0.0,0.0,,,0.0,,,1.11022302463e-16,4.16371515465e-05,,,,2.0,,2.0,0.0,0.0,,,,,0.0,1.11022302463e-16,,,,,0.0,,,,0.0126075754258,,,2.0,,,,2.0,0.00461695552259,2.0,1.11022302463e-16,2.0,,,,,2.0,,,,,0.0,,,1.4941689455,,,,,,1.45783637168,0.0,0.0,,0.0,0.0,,,0.0,,,0.0,,,,,,,1.11022302463e-16,2.0,,,,2.0,,1.11022302463e-16,1.11022302463e-16,,0.0,,2.0,0.0,0.0,2.0,0.0,,,,0.0,1.11022302463e-16,1.11022302463e-16,,,,,2.0,,,,0.09059571774,1.11022302463e-16,,0.0,0.0,,,1.11022302463e-16,,0.0,2.0,2.0,2.0,,,,,,,,,,,,,,Nasonex
0.0,2.0,,2.0,,,,,0.0,,,0.0,,,,,,,,,,,,,,,,,,,,,,0.0,0.0,,,,,,,2.0,2.0,0.0,0.0,,,0.0,,,,,,,,,0.0,,2.0,,,,,,,0.0,,,2.0,,0.0,,,,,,,2.0,,,,0.0,,,,,,,0.0,,,,0.0,,,,0.0,,0.0,2.0,,0.0,0.0,,,,,,,0.0,,,,,0.0,0.0,0.0,,,,0.0,,0.0,0.0,,,0.0,0.0,,,0.0,,,0.0,,2.0,,0.0,,,,,,,,,,,,,,,,0.0,,,,2.0,0.0,,,,,2.0,,,,,,,,,,2.0,0.0,,0.0,0.0,,,0.0,cooked breakfast
,,,,,,,,,,,,,,,,,,,,,,,,,,,,,,,,,,,,,,,,,,,,,,,,,,,,,,,,,,,,,,,,,,,,,,,,,,,,,,,,,,,,,,,,,,,,,,,,,,,,,,,,,,,,,,,,,,,,,,,,,,,,,,,,,,,,,,,,,,,,,,,,,,,,,,,,,,,,,,,,,,,,,,,,,,,,,,,,,,,,,Tylenol 3
,,2.0,,,,,,,,,,0.0,0.0,0.0,,,,,,,,,,,0.0,0.0,,,,,,,,,,,,,2.0,,,,,,,,,,,0.0,0.0,,,,,,,,,,,,,0.0,,,,,,,,,,,,,,,,,,,,2.0,,,,,,0.0,,,,0.0,,,,,,,,,,0.0,2.0,,,,,,,,,,,,,,,,,,,,,,,0.0,,,,,,,,,,,,,2.0,,0.0,,,,,,,,,,,,,,,,,,,,,,,,,,0.0,2.0,0.0,,,,0.0,,,,,,ate little
,,,,,,0.0,,,0.0,,,,,,,,,,2.0,2.0,0.0,,,,,,,,2.0,,2.0,,,,2.0,,0.0,,,,,,,,,,,,,,,2.0,2.0,,,,0.0,,0.0,,,,,,,2.0,2.0,,,,,,,,,2.0,,,0.0,,,,0.0,2.0,0.0,2.0,0.0,,,,,0.0,,,,,,,,0.0,,,,,,0.0,,,,,,,,,,,,,,,,,,2.0,0.0,,,,,,2.0,2.0,,,,0.0,,,0.0,2.0,,,,,2.0,2.0,2.0,,,,,,,,2.0,2.0,,,2.0,,,2.0,,2.0,0.0,0.0,,,,,,,,,,,,,,,eye ointment
,,,,,,,,,,,,,,,,,,,,,,,,,,,,,,,,,,,,,,,,,,,,,,,,,,,,,,,,,,,,,,,,,,,,,,,,,,,,,,,,,,,,,,,,,,,,,,,,,,,,,,,,,,,,,,,,,,,,,,,,,,,,,,,,,,,,,,,,,,,,,,,,,,,,,,,,,,,,,,,,,,,,,,,,,,,,,,,,,,,,,gluten free
0.0,2.0,,2.0,,,,,0.0,,,0.0,,,,,,,,,,,,,,,,,,,,,,0.0,0.0,,,,,,,2.0,2.0,0.0,0.0,,,0.0,,,,,,,,,0.0,,2.0,,,,,,,0.0,,,2.0,,0.0,,,,,,,2.0,,,,0.0,,,,,,,0.0,,,,0.0,,,,0.0,,0.0,2.0,,0.0,0.0,,,,,,,0.0,,,,,0.0,0.0,0.0,,,,0.0,,0.0,0.0,,,0.0,0.0,,,0.0,,,0.0,,2.0,,0.0,,,,,,,,,,,0.0,,,,,,,,,2.0,0.0,,,,,2.0,,,,,,,,,,2.0,0.0,,0.0,0.0,,,0.0,Lazy day
,,,,,,,,,,,,,,,,,,,,,,,,,,,,,,,,,,,,,,,,,,,,,,,,,,,,,,,,,,,,,,,,,,,,,,,,,,,,,,,,,,,,,,,,,,,,,,,,,,,,,,,,,,,,,,,,,,,,,,,,,,,,,,,,,,,,,,,,,,,,,,,,,,,,,,,,,,,,,,,,,,,,,,,,,,,,,,,,,,,,,Achy breaky rub
,,,,,,2.0,0.0,,2.0,,,,,,0.0,,,,0.09059571774,0.0444969277521,2.0,,0.0,,,,0.0,,0.0,0.0,0.0944289496271,,,,0.0548740997172,0.0,2.0,,,,,,,,0.0,0.0,,,0.0,,,0.09059571774,0.0944289496271,,,,2.0,,2.0,0.0,0.0,,,,,0.0,0.09059571774,,,,,0.0,,,,0.167896638027,,,2.0,,,,2.0,0.0548740997172,2.0,0.09059571774,2.0,,,,,2.0,,,,,0.0,,,1.08781854104,,,,,,1.04659628537,0.0,0.0,,0.0,0.0,,,0.0,,,0.0,,,,,,,0.09059571774,2.0,,,,2.0,,0.09059571774,0.09059571774,,0.0,,2.0,0.0,0.0,2.0,0.0,,,,0.0,0.09059571774,0.09059571774,0.09059571774,,,,2.0,,,,,0.09059571774,,0.0,0.0,,,0.09059571774,,0.0,2.0,2.0,2.0,,,,,,,,,,,,,,did some homework
,,,,,,2.0,0.0,,2.0,,,,,,0.0,,,,1.11022302463e-16,0.00837483850053,2.0,,0.0,,,,0.0,,0.0,0.0,4.16371515465e-05,,,,0.00461695552259,0.0,2.0,,,,,,,,0.0,0.0,,,0.0,,,1.11022302463e-16,4.16371515465e-05,,,,2.0,,2.0,0.0,0.0,,,,,0.0,1.11022302463e-16,,,,,0.0,,,,0.0126075754258,,,2.0,,,,2.0,0.00461695552259,2.0,1.11022302463e-16,2.0,,,,,2.0,,,,,0.0,,,1.4941689455,,,,,,1.45783637168,0.0,0.0,,0.0,0.0,,,0.0,,,0.0,,,,,,,1.11022302463e-16,2.0,,,,2.0,,1.11022302463e-16,1.11022302463e-16,,0.0,,2.0,0.0,0.0,2.0,0.0,,,,0.0,1.11022302463e-16,1.11022302463e-16,1.11022302463e-16,,,,2.0,,,,0.09059571774,,,0.0,0.0,,,1.11022302463e-16,,0.0,2.0,2.0,2.0,,,,,,,,,,,,,,Famotidine
2.0,0.0,,0.0,,,,,2.0,,,2.0,,,,,,,,,,,,,,,,,,,,,,2.0,2.0,,,,,,,0.0,0.0,2.0,2.0,,,2.0,,,,,,,,,2.0,,0.0,,,,,,,2.0,,,0.0,,2.0,,,,,,,0.0,,,,2.0,,,,,,,2.0,,,,2.0,,,,2.0,,2.0,0.0,,2.0,2.0,,,,,,,2.0,,,,,2.0,2.0,2.0,,,,2.0,,2.0,2.0,,,2.0,2.0,,,2.0,,,2.0,,0.0,,2.0,,,,,,,,,,,2.0,,,,,2.0,,,,,2.0,,,,,0.0,,,,,,,,,,0.0,2.0,,2.0,2.0,,,2.0,Enada
0.0,2.0,,2.0,,,,0.0,0.0,,,0.0,,,,0.0,,,,0.0,0.0,,,0.0,,,,0.0,,,0.0,0.0,,0.0,0.0,0.0,0.0,,,,,2.0,2.0,0.0,0.0,0.0,0.0,0.0,,0.0,,,0.0,0.0,,,0.0,,2.0,,0.0,0.0,,,,0.0,,0.0,2.0,,0.0,,0.0,,,,2.0,2.0,,,,0.0,,,0.0,,0.0,,0.0,,,,0.0,,,,0.0,0.0,0.0,2.0,0.0,0.0,0.0,,,,0.0,0.0,0.0,0.0,0.0,0.0,,,0.148307892939,0.0,0.0,0.0,,,0.0,,0.0,0.0,0.0,,0.0,0.0,,2.0,0.0,0.0,0.0,0.0,0.0,2.0,,0.042991867953,0.0,,,,,,0.0,0.0,0.0,0.0,0.0,,,,,0.0,,0.0,0.0,2.0,,,,,0.0,2.0,,,,2.0,,,,,,2.0,0.0,,0.0,0.0,,,0.0,laundry
,,,,,,2.0,,,2.0,,,,,,,,,,0.0,0.0,2.0,,,,,,,,0.0,,0.0,,,,0.0,,2.0,,,,,,,,,,,,,,,0.0,0.0,,,,2.0,,2.0,,,,,,,0.0,0.0,,,,,,,,,0.0,,,2.0,,,,2.0,0.0,2.0,0.0,2.0,,,,,2.0,,,,,,,,2.0,,,,,,2.0,,,,,,,,,,,,,,,,,,0.0,2.0,,,,,,0.0,0.0,,,,2.0,,,2.0,0.0,,,,,0.0,0.0,0.0,,,,2.0,,,,0.0,0.0,,,,,,0.0,,0.0,2.0,2.0,,,,,,,,,,,,,,,strapping of shoulder
,,,,,,,,,,,,,,,,,0.0,,,,,,,0.0,,,,,,,,2.0,,,,,,2.0,,,,,,,,,,,,,,,,,,,,,,,,,,,,,,,,,,,2.0,,0.0,,,,,,,,,,,,,,,,2.0,,,,,,,,,,,,2.0,,,,,,,,,,2.0,,,,,2.0,,,,,,,,,,,,,,,,,,,,,,,,,,,,,,,,,,,,,,,,,,,,,,,,,,,,,,,,,,,,,,,Cefaly Unit
,,,,,0.0,,,,,0.0,,,,,,2.0,,,,,,,,,,,,,,,,,,2.0,,,,,,0.0,,,,,,,,,,,,,,,,,,,,,,,,,,,,,,,,,,,0.0,,,,,,,2.0,,,,,,,,,,,2.0,,0.0,,,,,,,,,,,,,,,,,,,,,,,,,,,,,,,,,,,,,,,,,,,,,,,,,,,,,,,,,,,,,,,,,,,,,,,,,,,,,0.0,,,,,,,2.0,,Seasonique
,,,,,,2.0,0.0,,2.0,,,,,,0.0,,,,1.11022302463e-16,0.00837483850053,2.0,,0.0,,,,0.0,,0.0,0.0,4.16371515465e-05,,,,0.00461695552259,0.0,2.0,,,,,,,,0.0,0.0,,,0.0,,,1.11022302463e-16,4.16371515465e-05,,,,2.0,,2.0,0.0,0.0,,,,,0.0,1.11022302463e-16,,,,,0.0,,,,0.0126075754258,,,2.0,,,,2.0,0.00461695552259,2.0,1.11022302463e-16,2.0,,,,,2.0,,,,,0.0,,,1.4941689455,,,,,,1.45783637168,0.0,0.0,,0.0,0.0,,,0.0,,,0.0,,,,,,,1.11022302463e-16,2.0,,,,2.0,,1.11022302463e-16,1.11022302463e-16,,0.0,,2.0,0.0,0.0,2.0,0.0,,,,0.0,1.11022302463e-16,1.11022302463e-16,1.11022302463e-16,,,,2.0,,,,0.09059571774,1.11022302463e-16,,0.0,0.0,,,,,0.0,2.0,2.0,2.0,,,,,,,,,,,,,,Astelin
2.0,0.0,,0.0,,,,,2.0,,,2.0,,,,,,,,,,,,,,,,,,,,,,2.0,2.0,,,,,,,0.0,0.0,2.0,2.0,,,2.0,,,,,,,,,2.0,,0.0,,,,,,,2.0,,,0.0,,2.0,,,,,,,0.0,,,,2.0,,,,,,,2.0,,,,2.0,,,,2.0,,2.0,0.0,,2.0,2.0,,,,,,,2.0,,,,,2.0,2.0,2.0,,,,2.0,,2.0,2.0,,,2.0,2.0,,,2.0,,,2.0,,0.0,,2.0,,,,,,,,,,,2.0,,,,,2.0,,,,0.0,2.0,,,,,,,,,,,,,,,0.0,2.0,,2.0,2.0,,,2.0,Progesterone
,,,,,,2.0,,,2.0,,,,,,,,,,0.0,0.0,2.0,,,,,,,,0.0,,0.0,,,,0.0,,2.0,,,,,,,,,,,,,,,0.0,0.0,,,,2.0,,2.0,,,,,,,0.0,0.0,,,,,,,,,0.0,,,2.0,,,,2.0,0.0,2.0,0.0,2.0,,,,,2.0,,,,,,,,2.0,,,,,,2.0,,,,,,,,,,,,,,,,,,0.0,2.0,,,,,,0.0,0.0,,,,2.0,,,2.0,0.0,,,,,0.0,0.0,0.0,,,,2.0,,,,0.0,0.0,,,0.0,,,0.0,,,2.0,2.0,,,,,,,,,,,,,,,mass transit
,,,,,,0.0,,,0.0,,,,,,,,,,2.0,2.0,0.0,,,,,,,,2.0,,2.0,,,,2.0,,0.0,,,,,,,,,,,,,,,2.0,2.0,,,,0.0,,0.0,,,,,,,2.0,2.0,,,,,,,,,2.0,,,0.0,,,,0.0,2.0,0.0,2.0,0.0,,,,,0.0,,,,,,,,0.0,,,,,,0.0,,,,,,,,,,,,,,,,,,2.0,0.0,,,,,,2.0,2.0,,,,0.0,,,0.0,2.0,,,,,2.0,2.0,2.0,,,,0.0,,,,2.0,2.0,,,2.0,,,2.0,,2.0,,0.0,,,,,,,,,,,,,,,heating pads
,,,,,,0.0,,,0.0,,,,,,,,,,2.0,2.0,0.0,,,,,,,,2.0,,2.0,,,,2.0,,0.0,,,,,,,,,,,,,,,2.0,2.0,,,,0.0,,0.0,,,,,,,2.0,2.0,,,,,,,,,2.0,,,0.0,,,,0.0,2.0,0.0,2.0,0.0,,,,,0.0,,,,,,,,0.0,,,,,,0.0,,,,,,,,,,,,,,,,,,2.0,0.0,,,,,,2.0,2.0,,,,0.0,,,0.0,2.0,,,,,2.0,2.0,2.0,,,,0.0,,,,2.0,2.0,,,2.0,,,2.0,,2.0,0.0,,,,,,,,,,,,,,,,Norco
,,,,,,,2.0,,,,,,,,2.0,,,,2.0,2.0,,,2.0,,,,2.0,,,2.0,2.0,,,,2.0,2.0,,,,,,,,,2.0,2.0,,,2.0,,,2.0,2.0,,,,,,,2.0,2.0,,,,,,2.0,,,,,2.0,,,,0.0,,,,,,,,2.0,,2.0,,,,,,,,,,,2.0,,,2.0,,,,,,2.0,2.0,2.0,,2.0,2.0,,,2.0,,,2.0,,,,,,,2.0,,,,,0.0,,2.0,2.0,,2.0,,,2.0,2.0,,,,,,2.0,2.0,2.0,2.0,,,,,,,,2.0,2.0,,2.0,,,,2.0,,,,,,,,,,,,,,,,,,,popcorn
,,,,,,,,,,,,,,,,,,,,,,,,,,,,,,,,,,0.0,,,,,,,,,,,,,,,,,,,,,,,,,,,,,,,,,,,,,,,,,,,,,,,,,,,,,,,,,,,,,,,,,,,,,,,,,,,,,,,,,,,,,,,,,,,,,,,,,,,,,,,,,,,,,,,,,,,,,,,,,,,,,,,,,,,,,,,,,,,,,,,,0.0,,,archery
,,2.0,,,,,,,,,,0.0,0.0,0.0,,,,,,,,,,,0.0,0.0,,,,,,,,,,,,,2.0,,,,,,,,,,,0.0,0.0,,,,,,,,,,,,,0.0,,,,,,,,,,,,,,,,,,,,2.0,,,,,,0.0,,,,0.0,,,,,,,,,,0.0,2.0,,,,,,,,,,,,,,,,,,,,,,,0.0,,,,,,,,,,,,,2.0,,0.0,,,,,,,0.0,,,,,,,,,,,,,,,,,,,,2.0,0.0,,,,0.0,,,,,,Weeded garden
,,0.0,,,,,,,,,,2.0,2.0,2.0,,,,,,,,,,,2.0,2.0,,,,,,,,,,,,,0.0,,,,,,,,,,,2.0,2.0,,,,,,,,,,,,,2.0,,,,,,,,,,,,,,,,,,,,0.0,,,,,,2.0,,,,2.0,,,,,,,,,,2.0,0.0,,,,,,,,,,,,,,,,,,,,,,,2.0,,,,,,,,,,,,,0.0,,2.0,,,,,,,2.0,,,,,,,,,,,,,,,,,,,2.0,,2.0,,,,2.0,,,,,,Snacks
,,2.0,,,,,,,,,,0.0,0.0,0.0,,,,,,,,,,,0.0,0.0,,,,,,,,,,,,,2.0,,,,,,,,,,,0.0,0.0,,,,,,,,,,,,,0.0,,,,,,,,,,,,,,,,,,,,2.0,,,,,,0.0,,,,0.0,,,,,,,,,,0.0,2.0,,,,,,,,,,,,,,,,,,,,,,,0.0,,,,,,,,,,,,,2.0,,0.0,,,,,,,0.0,,,,,,,,,,,,,,,,,,,0.0,2.0,,,,,0.0,,,,,,Singing
,,,,,0.0,,,,,0.0,,,,,,2.0,,,,,,,,,,,,,,,,,,2.0,,,,,,0.0,,,,,,,,,,,,,,,,,,,,,,,,,,,,,,,,,,,0.0,,,,,,,2.0,,,,,,,,,,,2.0,,0.0,,,,,,,,,,,,,,,,,,,,,,,,,,,,,,,,,,,,,,,,,,,,,,,,,,,,,,,,,,,,,,,,,,0.0,,,,,,,,,,,,,,,,,,2.0,,grocery shopping
2.0,0.0,,0.0,,,,,2.0,,,2.0,,,,,,,,,,,,,,,,,,,,,,2.0,2.0,,,,,,,0.0,2.22044604925e-16,2.0,2.0,,,2.0,,,,,,,,,2.0,,2.22044604925e-16,,,,,,,2.0,,,0.0,2.0,2.0,,,,0.0,,,0.0,,,,2.0,,,,,,,2.0,,,,2.0,,,,2.0,,2.0,0.0,,2.0,2.0,,,,,,,2.0,,,,,2.0,2.0,2.0,,,,2.0,,2.0,2.0,,,2.0,2.0,,,2.0,,,2.0,,2.22044604925e-16,,2.0,,,,,,,,,,,2.0,,,,,2.0,,,,0.0,2.0,,,,,0.0,,,,,,,,,,,2.0,,2.0,2.0,,,2.0,Montelukast
0.0,2.0,,2.0,,,,,0.0,,,0.0,,,,,,,,,,,,,,,,,,,,,,0.0,0.0,,,,,,,2.0,2.0,0.0,0.0,,,0.0,,,,,,,,,0.0,,2.0,,,,,,,0.0,,,2.0,,0.0,,,,,,,2.0,,,,0.0,,,,,,,0.0,,,,0.0,,,,0.0,,0.0,2.0,,0.0,0.0,,,,,,,0.0,,,,,0.0,0.0,0.0,,,,0.0,,0.0,0.0,,,0.0,0.0,,,0.0,,,0.0,,2.0,,0.0,,,,,,,,,,,0.0,,,,,0.0,,,,2.0,0.0,,,,,2.0,,,,,,,,,,2.0,,,0.0,0.0,,,0.0,thai food
,,2.0,,,,,,,,,,0.0,0.0,0.0,,,,,,,,,,,0.0,0.0,,,,,,,,,,,,,2.0,,,,,,,,,,,0.0,0.0,,,,,,,,,,,,,0.0,,,,,,,,,,,,,,,,,,,,2.0,,,,,,0.0,,,,0.0,,,,,,,,,,0.0,2.0,,,,,,,,,,,,,,,,,,,,,,,0.0,,,,,,,,,,,,,2.0,,0.0,,,,,,,0.0,,,,,,,,,,,,,,,,,,,0.0,2.0,0.0,,,,,,,,,,Arby's
0.0,2.0,,2.0,,,,,0.0,,,0.0,,,,,,,,,,,,,,,,,,,,,,0.0,0.0,,,,,,,2.0,2.0,0.0,0.0,,,0.0,,,,,,,,,0.0,,2.0,,,,,,,0.0,,,2.0,,0.0,,,,,,,2.0,,,,0.0,,,,,,,0.0,,,,0.0,,,,0.0,,0.0,2.0,,0.0,0.0,,,,,,,0.0,,,,,0.0,0.0,0.0,,,,0.0,,0.0,0.0,,,0.0,0.0,,,0.0,,,0.0,,2.0,,0.0,,,,,,,,,,,0.0,,,,,0.0,,,,2.0,0.0,,,,,2.0,,,,,,,,,,2.0,0.0,,,0.0,,,0.0,bone broth
0.0,2.0,,2.0,,,,,0.0,,,0.0,,,,,,,,,,,,,,,,,,,,,,0.0,0.0,,,,,,,2.0,2.0,0.0,0.0,,,0.0,,,,,,,,,0.0,,2.0,,,,,,,0.0,,,2.0,,0.0,,,,,,,2.0,,,,0.0,,,,,,,0.0,,,,0.0,,,,0.0,,0.0,2.0,,0.0,0.0,,,,,,,0.0,,,,,0.0,0.0,0.0,,,,0.0,,0.0,0.0,,,0.0,0.0,,,0.0,,,0.0,,2.0,,0.0,,,,,,,,,,,0.0,,,,,0.0,,,,2.0,0.0,,,,,2.0,,,,,,,,,,2.0,0.0,,0.0,,,,0.0,long walk
,,,,,,,,,,,,,,,,,,,,,,,,,,,,,,,,,,0.0,,,,,,,,,,,,,,,,,,,,,,,,,,,,,,,,,,,,,,,,,,,,,,,,,,,,,,,,,,,,,,,,,,,,,,,,,,,,,,,,,,,,,,,,,,,,,,,,,,,,,,,,,,,,,,,,,,,,,,,,,,,,,,,,,,,,,,0.0,,,,,,,,,,,,,nachos
,,,,,2.0,,,,,2.0,,,,,,0.0,,,,,,,,,,,,,,,,,,0.0,,,,,,2.0,,,,,,,,,,,,,,,,,,,,,,,,,,,,,,,,,,,2.0,,,,,,,0.0,,,,,,,,,,,0.0,,2.0,,,,,,,,,,,,,,,,,,,,,,,,,,,,,,,,,,,,,,,,,,,,,,,,,,,,,,,,,,,,,,,,,,2.0,,,,,,,,,,,2.0,,,,,,,,,smoked
0.0,2.0,,2.0,,,,,0.0,,,0.0,,,,,,,,,,,,,,,,,,,,,,0.0,0.0,,,,,,,2.0,2.0,0.0,0.0,,,0.0,,,,,,,,,0.0,,2.0,,,,,,,0.0,,,2.0,,0.0,,,,,,,2.0,,,,0.0,,,,,,,0.0,,,,0.0,,,,0.0,,0.0,2.0,,0.0,0.0,,,,,,,0.0,,,,,0.0,0.0,0.0,,,,0.0,,0.0,0.0,,,0.0,0.0,,,0.0,,,0.0,,2.0,,0.0,,,,,,,,,,,0.0,,,,,0.0,,,,2.0,0.0,,,,,2.0,,,,,,,,,,2.0,0.0,,0.0,0.0,,,,severe pain
